北京,北京,北京京沪宏翔汽车配件经营部,北京市西郊汽配城专项街40号
北京,北京,北京博达永顺轮胎经营部,丰台区草桥恋日汽配城B厅47号
北京,北京,北京龙桥汽车装饰有限公司,北京市广渠路西60号
北京,北京,北京鑫美宏业商贸有限公司,西郊汽配城外围市场52-53号
北京,北京,三河市利亚达汽车配件销售部,燕郊国际汽配城，轮胎区27-28-29号
北京,北京,北京可飞达汽车配件销售中心,北京回龙观汽配城北郊汽配城C区1号
北京,北京,北京日月兴辉汽车配件销售中心,北京市顺义区天龙汽配城A区41-42号
北京,北京,北京峰浩信诚汽车装饰服务中心,北京市朝阳区黑庄户乡四合庄村安正物流园04-05号
北京,北京,北京鑫泰安翔轮胎经营部,石景山区古城西路国际汽车园区门市20号
北京,北京,北京市通州区顺和轮胎修理部,通州北关环岛南200米路西200米路南迅锋汽修厂院内
北京,北京,北京江友汽车装饰服务中心,朝阳区望京利泽西园底商
北京,北京,北京奔宝奥众轮胎服务中心,朝阳区东坝汽配城
北京,北京,北京奔宝之家汽车配件经营部,朝阳区青年路北口
北京,北京,北京奥捷盛通汽配经营中心,城外城汽配城22号楼750A-B
北京,北京,北京碧得福停车场管理服务中心,西城区复兴门内西铁匠胡同
北京,北京,北京市鑫源汽车服务中心,朝阳区广渠门天坛公园北200米
北京,北京,北京行万里轮胎行,平谷迎宾环岛东300米
北京,北京,北京奥杰瑞汽车服务有限公司,朝阳区樱花西街6号楼北侧
北京,北京,北京来宝汽车维修有限公司,北京丰台区科技园区东邻枫路5号
北京,北京,北京方圆轮胎经营部,丰台区南三环方庄桥东
北京,北京,北京圣鹏轮胎有限公司,房山区大南郊汽配城
北京,北京,北京大源鼎丰商贸有限公司,顺义区东大桥有线电视台旁边
北京,北京,北京鑫华安和汽配经营部,五方天雅汽配城1期
北京,北京,北京环路通轮胎修理部,怀柔区开放路于家园一区甲9号楼4#店
北京,北京,北京北方惠通轮胎商行,花乡汽配城10区6、7、8号
北京,北京,北京正桦商贸有限责任公司,五方天雅汽配城西8区95号
北京,北京,北京东华置业,五方天雅汽配城3期
北京,北京,北京四元鹏程轮胎经销部,四元桥汽配城东区100号
北京,北京,北京五方飞达汽车轮胎经营中心,五方天雅汽配城南区4排65号
北京,北京,北京汇鑫源轮胎批发中心,梨园汽配城C厅3号
北京,北京,北京恒运康轮胎商贸中心,昌平区燕丹汽配城西区22号
北京,北京,北京永进励发轮胎销售中心,海淀区温泉镇太舟坞村洞口
北京,北京,北京林丽轮胎服务中心,朝阳区四元汽配城西区34号
北京,北京,北京天保隆汽车服务有限责任公司,崇文区忠实里路4巷9号
北京,北京,明顺浩达轮胎销售中心,清河小营汽配城
北京,北京,小营永鑫轮胎销售中心,清河小营汽配城
北京,北京,宗明行轮胎销售中心,清河小营汽配城
北京,北京,振山伟业轮胎销售中心,五方天建材市场对个（固特异门头）
北京,北京,东海亨旭轮胎销售中心,北京五方天雅粮油市场对过（壳牌门头）
北京,北京,北京鸿飞汽车服务中心,东方美都汽配城西门
北京,北京,北京顺天腾达自有店,北京城环城国际汽配城31号楼1008
北京,北京,北京顺天腾达自有店,北京五方天雅汽配城西八-55
北京,北京,北京顺天腾达自有店,北京丰益桥汽配城
北京,北京,北京京瑞宝通汽车用品商行,北京雅森汽配城E区9-10号
北京,北京,北京富迈东名商贸有限公司,通州区梨园九棵树
北京,北京,北京锋辉汽车服务中心,北京市西城区闹市口大街园宏胡同6号
河北,保定,保定五洲驰翼汽车服务有限公司,
河北,保定,保定高新区腾飞轮胎经销部,保定市向阳北大街吉翔园小区18号楼20号
河北,保定,保定高新区泽龙德悦轮胎经营部,保定市复兴西路305号
河北,保定,保定市北市区东升轮胎大全,保定市东二环与东风路交叉口北行路西
河北,保定,保定市北市区玉柱轮胎经营部,保定市瑞祥大街凯撒皇宫北行五十米  
河北,保定,留史东环老陈轮胎销售处 ,蠡县留史镇东环
河北,保定,清苑双收轮胎销售服务部 ,河北保定清苑县迎宾西街179号
河北,保定,清苑县何桥农机修理 ,何桥汽车站对面
河北,保定,花园小区顺风轮胎经销处 ,顺平汽车站对面
河北,保定,望都县建伟洗车场,望都县人寿保险公司对面
河北,保定,河北省涿州冠云轮胎销售部,涿州城西南街与冠云西路交叉向南10米路西   
河北,保定,蠡县车安轿车轮胎服务中心,蠡县汽车站对面
河北,保定,定兴志和轮胎经销处,定兴北河
河北,保定,唐县恒信轮胎销售服务处,唐县中山大街
河北,保定,徐水县心诚汽车服务中心,
河北,保定,望都县建红汽车配件门市部,望都县阳光大街
河北,保定,高阳县许军轮胎经销部,
河北,保定,恒丰汽车轮胎修补店,保定市向阳路
河北,保定,涞水县鑫淼修理部,涞水县永安大街73号
河北,石家庄,华北汽贸公司石家庄进口汽车配件供应站,
河北,衡水,衡水红星利,
河北,衡水,冀州万事达,
河北,邢台,邢台爱车行,
河北,衡水,安平王占表,
河北,邯郸,邯郸车之康,
河北,邯郸,邯郸尚壁玲珑,
河北,邢台,邯郸张金海,
河北,邢台,清河石建勇,
河北,邢台,沙河华世,
河北,邢台,武安温召,
河北,邢台,永年小刚,
河北,石家庄,宝德利汽车保养站,
河北,石家庄,广弘汽车轮胎,
河北,石家庄,恒丰汽修,
河北,石家庄,平山郄洪磊,
河北,石家庄,大地汽修,
河北,石家庄,嘉实多汽车保养站,
河北,石家庄,石家庄汇通轮胎服务中心,
河北,石家庄,石家庄老丁轮胎超市,
河北,石家庄,石家庄富龙四轮定位中心,
河北,石家庄,石家庄市桥西区金昌轮胎服务部,
河北,石家庄,美国泰克专业轮胎修理,
河北,石家庄,恒达四轮定位服务中心,
河北,石家庄,石家庄真牛汽修四轮定位中心,
河北,石家庄,中车汽修,
河北,石家庄,淼源轮胎商行,
河北,石家庄,凯达汽车用品商城,
河北,衡水,栾城顺捷汽修,
河北,衡水,晋州旺达轿车轮胎装具门市部,
河北,衡水,辛集市兴华路再励轮胎修理部,
河北,衡水,灵寿大东关轮胎,
河北,邢台,邢台市南宫市继军轮胎大全,
河北,邯郸,邯郸普利司通,
河北,邯郸,邯郸武安温召轮胎,
河北,邯郸,邯郸景泰轮胎商行,
河北,唐山,唐山市健驰汽车用品有限公司,唐山市路北区龙泽北路266号
河北,唐山,唐山市路北区路捷轮胎经销处,唐山市路北区缸窑路57号
河北,唐山,唐山市开平区四海汽车轮胎维修部,唐山市开平区东城路付86号
河北,唐山,唐山市丰南区御景轮胎商行,唐山市丰南区御景花园底商
河北,唐山,唐山市路北区鑫雨润滑油,路南区南新东道15号
河北,唐山,唐山市路北区慧国轮胎修理部,唐山市路北区大官庄
河北,唐山,遵化市运达汽车配件商店,遵化市苏家洼镇马家洼村
吉林,长春,德惠荣达轮胎行,德惠十道街又一村饭店西行100米
吉林,长春,净月经济开发区吉星汽车美容装饰行,长春市临河街新嘉坡城南门（临河街与世尧路交汇处）
吉林,吉林,吉林市丰满区春在轮胎（江南店）,吉林市丰满区恒山东路江山批发市场A栋13号
吉林,吉林,吉林市紫琪轮胎经销有限责任公司,吉林市光华路德胜小区付1-3号柚
吉林,吉林,桦甸市运通轮胎经销有限责任公司,吉林省桦甸市金华路交通局对过
吉林,延边,延吉市畅通轮胎,延吉市二二三医院东墙十字路口(延边一中东门北50米)
吉林,延边,延吉市陈氏实业有限公司,延吉市朝阳街联谊小区2-4号
吉林,延边,安图县朝阳轮胎行,安图县明月镇一条街3号
吉林,四平,四平韩泰轮胎,四平市北二纬十一马路
吉林,四平,公主岭市嘉世纪轮胎广场,公主岭市河南广场南侧
吉林,辽源,辽源市龙山区汇丰汽车服务部,吉林省辽源市南环路（环卫处西侧50米）
吉林,辽源,东丰百事达轮胎大全,东丰县东城街
吉林,通化,通化市开得实业有限公司（老店）,通化市建设大街108号
吉林,通化,朝阳镇双龙轮胎修理部,吉林省辉南县朝阳爱国街一委六组157号
吉林,松原,前郭县晓明汽车贸易有限公司（大店）,松原市前郭影院对过粮库家属楼一楼
吉林,松原,扶余县三岔河通达轮胎服务中心,吉林省扶余县通达街站前广场旁门市
吉林,白城,白城市万顺达轮胎商店,吉林白城市幸福南大街76-8号
吉林,白山,临江市盛源轮胎商店,吉林省临江市鸭绿江大街187号
吉林,白城,镇赉县镇赉镇嘉信汽车服务中心,吉林省白城市镇赉县团结西路北自来水对面
吉林,白山,抚松县抚松镇鑫运轮胎商行,抚松县香江路29号
吉林,白城,白城市运达汽车配件商店,吉林省白城市青年北大街165号
吉林,白城,通榆美侠汽车配件商店,吉林省通榆县南转盘北20米道东
吉林,长春,长春市轮语汽车养护专业店,朝阳区繁荣路铁金郡湾小区49号楼
吉林,白山,白山市江源区小傅轮胎,白山市江源
吉林,白山,白山市古澜汽车装饰行,白山市浑江区锦江路区开发5号楼
吉林,延边,敦化新雅,敦化市市政大楼楼下
吉林,辽源,辽源倍耐力轮胎,辽源市南三环环卫大楼
吉林,长春,梨树县佳通轮胎商行,梨树县加油站对面
吉林,延边,和龙市鸿泰汽车修理部,和龙市和龙大街
吉林,长春,双阳区大军轮胎行,双阳区城市嘉园5号102门室（天力汽修对面）
吉林,长春,榆树市小光四轮定位,榆树市榆西大街农机市场14号底铺
吉林,白城,白城市建国轮胎总汇,白城市新华小区75-1
吉林,延边,延吉市光明轮胎商店,延吉市光明小区
吉林,长春,永吉县路驰轮胎修理铺,吉林市永吉县交警中队对面里走100米
吉林,长春,农安县亨通汽车保养中心,农安县西道口南50米金街佳人楼下
吉林,长春,长春市海宝轮胎,长春市南四环三佳小区
吉林,长春,长春市南关区韩泰轮胎专卖店,长春市南关区南岭派出所北行50米院内
吉林,长春,长春钻石名车汽车百货汽车服务,前进大街与繁荣路交汇文庭雅苑正门
吉林,吉林,蛟河市立新轮胎,蛟河市永安路大同门圈楼
吉林,通化,通化市韩泰轮胎,通化市馀庆家居博览中心东100米
吉林,通化,梅河口市诚信轮胎销售服务站,梅河口市诚信轮胎销售服务站
吉林,四平,公主岭怀德宏光修理,怀德转盘
吉林,通化,柳河县柳河镇泰泽汽车装饰部,吉林省柳河县第九中学对过
吉林,长春,宽城区万达轮胎销售部,长春市宽城区东长新街上台新村D8栋103
吉林,松原,长岭老颜,松原市长岭县永久路
吉林,松原,长岭县朝阳轿车轮胎,长岭县
吉林,长春,德惠市鑫兴隆轮胎修理部,长春德惠市建设街
吉林,四平,梨树县郭家店镇吉星农机,四平梨树县郭家店
吉林,四平,梨树永昌轮胎,四平梨树
吉林,白城,通榆老梁头轮胎,通榆县
吉林,长春,长春市宽城区盛达汽车轮胎修理部,长春市一匡街钻石礼都B-13 105室
吉林,长春,二道区迪瑞特汽车用品商店,吉林省长春市二道区杏花苑
吉林,吉林,舒兰宏远,舒兰大街新法院北走200米道西(起重机配件厂旁)
吉林,松原,松原江北安畅轮胎,松原
吉林,白山,抚松县万里汽车配件商店,吉林省抚松县抚松大街118号
吉林,长春,长春市二道区车联汽车美容装饰店,东盛大街与公平路交汇处
吉林,白城,洮南立彬轮胎行,洮南市文化中心
吉林,长春,长春市朝阳区旭坤轮胎经销处,南湖大路与前进西街交汇南行100米
吉林,长春,长春市南关区王强四轮定位,长春市南关区东天街856号（荣光路与东天街交汇）
吉林,长春,长春经济开发区汇丰名车,临河街与世荣路交汇园丁一区
吉林,长春,长春市朝阳区客福莱维修汽车装饰,长春市朝阳区西开运街车城名仕花园
吉林,长春,长春市前进多力通轮胎,长沈公路二发路
吉林,四平,公主岭博驰轮胎,公主岭
吉林,长春,双阳小武子轮胎,双阳
吉林,白山,松江河万里汽车配件轮胎商行,吉林省抚松县松江河镇松江大街108号
吉林,长春,宽城区孙景杨轮胎店,吉林省长春市宽城区柳影路
吉林,长春,磐石市东宁街铁东轮胎经销处,磐石市人民路1208号
吉林,吉林,吉林市船营区名大轮胎汽车用品城,吉林省吉林市鞍山街4号楼门市
吉林,白山,白山市兴达轮胎,白山市浑江大街市宾馆西侧20米
吉林,长春,长春市朝阳区宏达轮胎经销处（邓禄普）,长春市西开运街抚松路前行100米领秀朝阳对面
吉林,长春,小周轮胎四轮定位,吉林省长春市宽城区一匡街与九台路交汇
吉林,吉林,桦甸三唐汽车美容养护中心,桦甸市金城路北4栋6-11号
吉林,吉林,吉林市运兴四轮定位,吉林市昌邑区十一中钢材市场斜对面西走50米
吉林,吉林,榆树车世家轮胎,长春市榆树市榆树大街南段丁香花园三期大门南
吉林,吉林,永吉县口街镇晟达轮胎部,吉林省永吉县口前镇兴华街418号
吉林,吉林,长岭大力蓝牙四轮定位,长岭县大力
吉林,吉林,吉林昌邑区向尚轮胎,吉林昌邑区11中哈达街1号楼
吉林,吉林,绿园区皓月大路佳通轮胎,皓月大路与绿园街交汇
吉林,吉林,磐石市瑞合汽修,磐石市建材家园B栋6门市
吉林,吉林,乾安恒星轮胎,乾安
吉林,吉林,通化市东昌区大鹏轮胎经销处,通化市建设大街157号商贸斜对面
吉林,吉林,白山市浑江区盛丰轮胎商店,博爱医院西100米
吉林,吉林,长岭立民修理部,松原长岭县老公安局路东
吉林,吉林,德惠佳通轮胎,德惠
吉林,吉林,范家屯三宝轮胎修理部,四平市公主岭范家屯三宝轮胎
吉林,吉林,绿园区泰克专业补胎,正阳街417号众诚加油站东30米
吉林,吉林,榆树市张雨进口汽车轮胎维护站,榆树市工农大街开发小区一号楼
吉林,吉林,经济技术开发区百吉轮胎经销处,经开珠海路与金川街交汇处
吉林,吉林,长春市轮达商贸有限公司,长春市绿园区繁荣路与前进西街交汇处
吉林,白山,白山伟业轮胎,白山
吉林,吉林,农安县玉鹏轮胎大全,农安县站前街粮食局家属楼下(环中加油站对面)
吉林,四平,伊通满族自治县伊通镇璐瑶义轮胎商行,老西门
吉林,长春,长春市白云汽车服务有限公司,长春市汽车产业开发区东明路228号
吉林,四平,双辽小丰轮胎,双辽圈楼
吉林,四平,公主岭市国峰轮胎修理部,吉林省公主岭市东三管区一楼
吉林,长春,蛟河市新王者汽车配件精品商店,蛟河市长安街水畔春天小区5号楼
吉林,长春,长春安惠汽车服务公司,经济开发区北海路646路（仙台大街与北海路交汇西行200米）
吉林,长春,长春高新开发区鸿祥汽修,长春高新开发区硅谷大街与蔚山路交汇东50米
吉林,长春,长春市宽城区韩泰轮胎销售中心（九台路店）,长春市宽城区九台路与庆丰路
吉林,长春,二道区龙亨轮胎,二道区惠工路水景阁106门市（金正货站旁）
吉林,长春,宽城区农安南街四轮定位,宽城区农安南街与柳影路交汇南100米
吉林,长春,双阳区铭达汽修服务广场,双阳区甲一路昕阳小区门市
吉林,长春,长春市林杉经贸有限公司,二道区八里堡东环路与北环城路交汇鲁辉国际11区
吉林,松原,松原东子轮胎（江南）,松原
吉林,白山,白山市浑江区正新轮胎,吉林省白山市十六中学对面
山东,济宁,东平县东平镇西山路刘庆金,四海商城
山东,德州,德州阿贵,东风东路
山东,东营,东营市华新轮胎销售有限公司,东营市菏泽路中段
山东,聊城,东阿县铜城爱车族汽车配件行,东阿县新邮政局向东200米路北
山东,德州,乐陵独一家,乐陵市交警队北邻
山东,枣庄,枣庄市市中区永康轮胎商行,光明西路二棉厂宿舍南墙
山东,济宁,嘉祥县城区发达轮胎服务部,建设北路新劳动局斜对过
山东,德州,夏津红阳轮胎销售中心,夏津汽车站向西800米路北
山东,泰安,宁阳马锐,大学西路（交警支队西临）
山东,济宁,微山县夏镇艳军轮胎行,微山县东风东路工商局对面
山东,滨州,无棣海峰,棣新五路
山东,济宁,曲阜瑞鑫,曲阜公安局向北80米路西
山东,淄博,桓台工业路宏顺轮胎经营部,工业街消防大队东邻
山东,济宁,梁山县金马电气补胎维修门市部,梁山县水泊中路北区派出所门口
山东,滨州,保定风帆电瓶沾化县维修部,新合作道南
山东,淄博,淄川万佳轮胎超市 ,淄川区三里沟（石化加油站南88米），分店：泉龙大酒店斜对面
山东,临沂,苍山县华旭轮胎维修中心,南环路阿波罗斜对过
山东,滨州,滨州邓禄普,
山东,莱芜,莱芜天顺,长勺南路11号（亨利水饺南100米路西）
山东,枣庄,薛城光明,光明西路东方之润对过
山东,济宁,邹城市华振轮胎销售部,矿建东路1430号（凫山街道办事处对过）
山东,滨州,邹平邓禄普轮胎服务中心,邹平县戴溪三路东升宾馆北大地保险公司北临
山东,济南,平阴文涛,平阴县榆山路南段阁老贡酒厂对面
山东,泰安,泰安米其林,东岳大街东首
山东,临沂,平邑志永轮胎销售店,山东省临沂市平邑县
山东,临沂,蒙阴县金三角轮胎总汇,北环路中段盐业公司对过
山东,济宁,嘉祥平安,1店：嘉祥交通局北88米路西，2店红宝KTV向南98米路西（温馨佳苑小区门北）
山东,济南,章丘明水诚坤轮胎服务中心,明水市汇泉路
山东,东营,志勇轮胎总汇,利津二中对面
山东,淄博,高青县青城路豪运汽车轮胎维修部,高青县实验小学对面
山东,聊城,茌平县紫阳楼轮胎维修中心,顺河街
山东,德州,宁津县顺达轮胎经营部,宁津县北关
山东,临沂,临沭顺发轮胎服务中心,临沭县常林路
山东,济南,章丘市康与河轮胎有限公司,章丘市大桥北
山东,济南,济南市长清区华泰轮胎销售中心,长清区迎宾路
山东,济南,济南历下新天力汽车服务中心,济南市华达汽配城
山东,济南,济南槐荫志真志诚轮胎专卖店,济南市张庄路
山东,德州,德州市德城区晨远汽车信息服务部,大学西路
山东,菏泽,东明县韩泰轮胎维修部,
山东,菏泽,郓城县晓亮汽车服务中心,
山东,济宁,金乡县金乡镇泰克轮胎维修部,
山东,莱芜,莱芜市莱城区莱鑫轮胎经营部,
山东,枣庄,枣庄市宏祥轮胎维修部,
山东,枣庄,米其林轮胎服务中心,
山东,济南,济南市天桥区寿河轮胎修理店,
山东,滨州,博兴县搏昌街道办事处三和轿车轮胎超市,
山东,济宁,济宁市市中区铭远汽车服务中心,山东省济宁市中区
山东,德州,庆云县永胜轮胎大全,山东省德州市庆云县
山东,德州,平原县梅梅轮胎经销处,山东省德州市平原县
山东,滨州,滨州市瑞鑫汽配服务中心,山东省滨州市
山东,德州,乐陵市华硕轿车轮胎大全,山东省德州市乐陵市
山东,泰安,亨通轮胎修理部,山东省泰安市东平县
山东,淄博,周村吕师傅轮胎行,山东省淄博市周村
山东,莱芜,莱芜市区昌达维修服务部,山东省莱芜市莱城区
山东,淄博,恒台县邓禄普轮胎专卖店,山东省淄博市恒台县
山东,东营,垦利县垦利街道办鸿途轮胎销售中心,山东省东营市垦利县
山东,淄博,恒台县索镇文轩轮胎专卖店,山东省淄博市恒台县
山东,兖州,兖州市太阳广场轮胎经营部,山东兖州
山东,东营,河口区仙河金湖轮胎店,东营仙河
山东,滕州,滕州市荆河顺祥轮胎销售部,滕州
山东,青岛,青岛平顺达,青岛市市南区澄海路14号
山东,青岛,青岛宏达汽配电脑四轮定位,青岛市市北区华阳路
山东,烟台,莱阳志远轮胎商行,烟台莱阳市马山路群丰大厦
山东,青岛,志强轮胎总汇,即墨市烟青路652号-1
山东,青岛,青岛嘉和商贸有限公司,洛阳路汽配城
山东,烟台,黄城全记,黄诚环城北路公路大酒店
山东,烟台,祥飞汽车,烟台开发区珠江路
山东,烟台,招远远程,金城路339号
山东,威海,路路通轮胎行,文登天府蔬菜批发市场
山东,威海,豪邦高速轮胎有限公司,威海经区海滨南路51号
山东,烟台,烟台红博轮胎,烟台福山区永安街西头
山东,烟台,牟平银丰汽车装饰,
山东,烟台,莱州鑫德莱轮胎有限公司,莱州市府前西街811号
山东,潍坊,潍坊新圣世商贸有限公司,新华路与北宫东街路口
山东,潍坊,高密金运,夷安大道立新街
山东,潍坊,昌邑北苑,
山东,潍坊,小王专业四轮定位轮胎城,昌邑市交通街西首路南
山东,青岛,双龙汽配,棘洪滩红绿灯西行100米
山东,青岛,南泉鸿昌汽配,即墨南泉镇
山东,青岛,兰村振兴轮胎,蓝村锦程酒店南侧
山东,潍坊,寿光市褚记汽车维修,渤海路与文化街交叉口向北100米路西
山东,潍坊,昌乐建华,珠宝街
山东,日照,日照五连万达,延河路商业银行北
山东,青岛,青岛鹏震达,崂山区汉河村车站西
山东,青岛,青岛经济开发区恒鑫源轮胎超市,开发区井冈山路603号
山东,青岛,青岛文拓商贸,泰州路
山东,日照,玄豹四轮定位,莒州路228号（十三队对过）
山东,潍坊,临朐帅通轮胎总汇,临朐不锈钢市场C07
山东,青岛,青岛福永达,市南区宁夏路
山东,日照,日照市东港区远征轮胎修理部,山东省日照市公园路泽校60米
山东,烟台,桃村郝,
山东,烟台,牟平全顺,汽车站对面
山东,青岛,青岛鸿润轮胎行,
山东,潍坊,青州大业轮胎,
山东,青岛,青岛晟旭汽车装饰美容中心,
山东,日照,日照文达四轮定位,
山东,威海,荣成市崖头杰驰轮胎修理部,
山东,烟台,海阳海润轮胎维修中心,
山东,烟台,蓬莱瑞兴,
山东,烟台,莱山鑫海轮胎,
山东,烟台,栖霞沪联,
山东,青岛,平度森泰达,山东省平度市青岛路铜牛对过
山东,潍坊,坊子钰嘉,
山东,潍坊,诸城中浩,山东省诸城市东武街中段东坡小区西门南100米路东
山东,青岛,青岛福兴达汽车用品商行,山东省马区平度路269号
山东,青岛,青岛荣峰和科技有限公司,山东省青岛市吴兴路196号
山东,青岛,青岛艺颖轮胎行,山东省青岛市李沧区巨峰路7号
山东,青岛,四方区永和顺轮胎销售部,山东省青岛市四方区九口路91号
山东,青岛,崂山区美车族汽车美容中心,山东省青岛市崂山区雨林谷
山东,烟台,烟台鑫海维修部,
山东,烟台,烟台市津美轮胎经销部,山东省烟台市芝罘区楚凤四路
山东,烟台,海阳市汤天成轮胎修理部,山东省海阳市海天路
山东,青岛,青岛红石崖车行服务部,山东省青岛市经济开发区红石崖
山东,青岛,胶南市泰克轮胎修理厂,山东省胶南市琅琊台路60号
山东,青岛,胶州市鸿运汽车专项修理部,山东省胶州市扬州西路68号
山东,日照,五莲天宇轮胎经营部,山东省五莲县沿河路
山东,日照,日照站车四轮定位,山东省日照市人民医院东门南100米
山东,日照,日照市岚山区日想汽车美容服务站,山东省日照市兰山区汾水停车场
山东,青岛,李沧区恒源轮胎维修部,李沧区唐山路46号
山东,青岛,城阳通晟达轮胎店,山东省青岛市城阳区汽车北站路口向西500米路南
山东,青岛,诚友汽车维修部,山东省青岛市王沙路127号
山东,青岛,青岛市城阳区惜福镇祥森轮胎维修,山东省青岛市城阳区惜福镇王沙路1421号
山东,青岛,莱西东升轮胎总汇,山东省莱西市物流中心西500米路南
山东,潍坊,潍坊高新区洪亮轮胎商店,山东省济青高速潍坊东站口桥东1000米路南
山东,潍坊,昌乐县兴杰轮胎维修部,山东省昌乐县方山路桥北200米七彩大市场南首
山东,潍坊,临朐悦驰轮胎总汇,山东省临朐县富民汽车城对面鲁艺宾馆一楼
山东,烟台,烟台市芝罘金泉轮胎维修服务社,山东省烟台市芝罘区幸福中路
山东,寿光,寿光市振弘汽车服务中心,山东省寿光市渤海路南段啤酒厂西门北邻
山东,青岛,青岛市李沧区永盛轮胎经营部,山东省青岛市李沧区四啤对面
山东,安丘,晋会玲,山东省安丘市淮徐璐新东方大酒店对面
山东,青岛,李沧区金华琛轮胎商行,山东省青岛市李沧区万年宗路中段
山东,青岛,传诚四轮定位,山东省青岛市李沧区四流中路1-20号
山东,青岛,青岛臻诚友发汽车服务行,山东省青岛市市南区大学路26号
山东,烟台,烟台市芝罘区润发汽车轮胎维修部,山东省烟台市机场路
山东,文登,文登市树民轮胎修理部,山东省文登市棋山路
江苏,宿迁,宿迁马牌,
江苏,徐州,徐州市丰县米其林轮胎,
江苏,连云港,连云港东海大力轮胎超市,
江苏,淮安,淮安市倍米石汽车服务中心,
江苏,盐城,盐城市射阳轮胎大世界,
江苏,盐城,盐城市建湖县横滨轮胎专卖,
江苏,盐城,盐城市阜宁恒泰轮胎经营部,
江苏,盐城,盐城市滨海县瑞早轮胎批发门市,
江苏,徐州,徐州三川轮胎专卖,
江苏,徐州,丰县友发轮胎批发,
江苏,连云港,新浦迎春汽配（捷驰巨龙店）,
江苏,连云港,东海大力轮胎超市,
江苏,镇江,镇江恒泰车业贸易有限公司,
江苏,扬州,仪征市真州镇车爱骑车服务部,
江苏,扬州,江都市仙女镇老蒋轮胎经营部,江苏省江都市人民法院旁
江苏,扬州,江都陆仔轮胎大桥服务中心,
江苏,苏州,苏州太仓市志普汽配有限公司,江苏省太仓市204国道老农工站北200米路东
江苏,苏州,苏州市日升轮胎橡胶有限公司,
江苏,苏州,苏州回双轮胎有限公司,
江苏,苏州,林记车饰,
江苏,苏州,昆山康威汽车服务有限公司,
江苏,苏州,常熟市虞滨汽配轮胎销售有限责任公司,江苏省常熟市青墩塘路188号
江苏,南通,如皋德全轮胎服务中心,江苏少年宫如皋市苏浙大市场南大门正对面
江苏,南通,南通合通轮胎服务中心,
江苏,南通,南通海安新大路轮胎销售中心,
江苏,南京,南京固铂轮胎橡胶公司,
江苏,扬州,扬州江都市米其林总代理,
江苏,扬州,扬州华安商贸有限公司,江苏省扬州市江阳中路158号
江苏,苏州,张家北城轮胎商行,
江苏,泰州,靖江小陆轮胎服务部,江苏省靖江市西环南路（养路站南200米）
江苏,南通,通州市平潮镇永如轮胎服务中心,江苏省南通市通州区平潮镇养路队对面
江苏,常州,常州市天宁茶山凯特车行,江苏省常州市光华路118号（月星家具城西80米）
江苏,常州,常州市悍马轮胎有限公司,
江苏,镇江,界牌朱老板,
江苏,连云港,连云港灌云佳通轮胎,
江苏,连云港,连云港广隆汽配,
江苏,南通,南通华隆汽车养护中心,
江苏,镇江,镇江市天成汽配,
江苏,无锡,无锡维尊汽车配件有限公司,江苏省无锡市新旺庄东路212号
江苏,扬州,扬州市神驰商贸,江苏省扬州市太川路20-1号
江苏,常州,溧阳昆仑峰峰轮胎总经销,
江苏,南通,如东祥云轮胎经营部,江苏省掘港镇芳泉路9号
江苏,常州,常州市奥普德物资有限公司,江苏省常州市新北区天润园商铺6-10号
江苏,无锡,发兴轮胎店,
江苏,镇江,佳通丹阳地区总代理,
江苏,扬州,江都市邵伯镇广源物资经营部,江苏省江都市邵伯镇广播站旁
江苏,常州,金坛市益鸣物资有限公司,
江苏,泰州,姜堰市青年汽车配件有限公司,
江苏,南通,南通华隆汽车养护中心,
江苏,南通,南通轩辕汽车生活馆,
江苏,南通,启东车美易汽车服务部,
江苏,南通,通州区金沙飞宇汽配经营部,江苏省南通市通州区新通掘路8号
江苏,苏州,吴江盛泽小蔡轮胎超市,
江苏,苏州,吴江松陵镇八拆桂福汽配中心,
江苏,徐州,新沂鹏程,
江苏,南通,如东鑫达汽车轮胎服务中心,江苏省金河镇交通东路48号
江苏,盐城,睢宁马牌轮胎店,
江苏,盐城,盐城大丰米其林轮肥专卖,
江苏,盐城,盐城市滨海县瑞早轮胎批发门市,
江苏,连云港,赣榆县佳通轮胎服务站,
江苏,连云港,新浦迎春汽配（捷驰巨龙店）,
江苏,南通,南通富余汽车配件有限公司,江苏省南通市濠北路461号
江苏,扬州,扬州倍耐力汽车服务中心,
江苏,扬州,扬州市广陵区小曹轮胎销售部,江苏省扬州市文昌北苑8幢110
江苏,扬州,扬州市邗江锦湖轮胎经营部,江苏省扬州市百祥路164号国税局西门对面
江苏,扬州,扬州市广陵区卜记轮胎销售中心,江苏省扬州市施本路22号
江苏,南通,淮安宁通汽车轮胎销售部,江苏省海安县榆中路55号建村大厦
江苏,溧阳,溧阳市溧城志忠轮胎修理部,江苏省溧阳市天目路87号
江苏,溧阳,溧阳市溧城高兰轮胎经营部,江苏省溧阳市昆仑宾馆向西50米凤凰路12号
江苏,常州,常州市蓝月亮汽车服务中心,江苏省常州市健身北路青山湾花苑12-8号
江苏,常州,天宁区天宁富轮轮胎修理店,江苏省常州市关河东路50-24号（大润发往东100米）
江苏,金坛,金坛市城西佳特轮胎经营部,江苏省金坛市北环西路134号交通局向西500米（路南）
江苏,宜兴,宜兴市宜城镇法新轮胎修理店,江苏省宜兴市宜城街道阳泉西路70号
江苏,无锡,陆卫东,江苏省无锡市大桥镇南城路2号
江苏,泰兴,泰兴路通轮胎商行,江苏省泰兴市江平南路269号
江苏,高邮,高邮市神驰轮胎经营部,江苏省高邮市南外环2号
内蒙古,兴安,扎赉特旗音德尔镇东北狼轮胎超市-桑德彬,
内蒙古,兴安,东北狼轮胎商店,
内蒙古,兴安,焦旗镇汽车修理,
内蒙古,呼伦贝尔,轮胎修理商店,
黑龙江,大庆,大庆市照宏洋经贸有限公司,大庆市让胡路区汽配城内
黑龙江,双鸭山,集贤兴隆轮胎经销处,集贤县保卫路大福公寓北数3门
黑龙江,哈尔滨,双城市大威轮胎减震修理,双城市西大街空军家属楼东侧
黑龙江,绥化,绥化市宏鑫轮胎商行,绥化市经济开发区
黑龙江,绥化,绥化市雅度轮胎商店,绥化市北五路华晨超市对面
黑龙江,呼盟,阿里河长久轮胎商店,阿里河镇向阳街114号
黑龙江,呼盟,阿荣旗华康轮胎有限责任公司,阿荣旗体育路刘贵综合楼3号
黑龙江,绥化,安达市洪亮洗车轮胎修理,安达市七道街131号
黑龙江,双鸭山,宝泉岭车友轮胎商行,宝泉岭联通街北门51号
黑龙江,黑河,车居佳汽车装饰固特异授权经销商,北安市西一道街310号
黑龙江,哈尔滨,宾县海涛汽车修配厂,宾县迎宾路
黑龙江,七台河,勃利县广源轮胎商店,勃利县康华街290号
黑龙江,佳木斯,富锦福利轮胎修理部,
黑龙江,齐齐哈尔,宝山轮胎修理部,富拉尔基新华街春阳街交叉口
黑龙江,哈尔滨,哈尔滨市道外区睿泽车宝贝汽车美容装馆-周涛,
黑龙江,哈尔滨,哈尔滨市悍马汽车美容装饰有限公司,哈尔滨市南岗区黄河路
黑龙江,哈尔滨,哈尔滨市安安轮胎商行,
黑龙江,哈尔滨,哈尔滨市道里区加速度汽车轮胎商行,哈尔滨是道里区光华街20号
黑龙江,哈尔滨,哈尔滨市道外区爱车人汽车养护站,哈尔滨市宏伟路与大有房街交叉口
黑龙江,哈尔滨,哈尔滨市南岗区飞龙汽车补带打气服务部-李延龙,哈尔滨市南岗区文昌桥下
黑龙江,呼盟,呼伦贝尔市佳驰轮胎销售有限责任公司,海拉尔市加格达奇路呼伦小学对过
黑龙江,呼盟,海拉尔驰佳轮胎商店,呼伦贝尔市海拉尔区东大街地税分局斜对面
黑龙江,绥化,海伦市固特异轮胎,海伦市烟草公司对面
黑龙江,鹤岗,鹤岗市力通轮胎经销处,鹤岗市边防局对面
黑龙江,黑河,车饰界养护用品店,黑河市环城路161号第一小学对面
黑龙江,鸡西,虎林龙林轮胎,虎林市解放西路
黑龙江,鸡西,鸡西车宝宝汽车用品商行,鸡西市鸡冠区红军路一条街东段
黑龙江,鸡西,嘉车坊汽车养护中心,鸡西市鸡冠区桥环路
黑龙江,佳木斯,建三江天生轮胎大全,建三江七星农场老干部活动中心楼下
黑龙江,齐齐哈尔,克山宝胜汽配中心,克山县
黑龙江,哈尔滨,哈尔滨市超信恒业汽车服务有限责任公司,南岗区宣化街223号
黑龙江,鹤岗,萝北县炳山轮胎商店,萝北县石头公司西100米路南
黑龙江,鸡西,密山建大轮胎,密山市水泥厂对过
黑龙江,呼盟,莫旗超越轮胎商店,莫力达瓦达斡尔自治旗客运站写对过
黑龙江,牡丹江,牡丹江市名车港汽车用品商店,
黑龙江,牡丹江,牡丹江双顺汽车用品商店,
黑龙江,呼盟,北狼汽车用品商店,扎赉特旗
黑龙江,七台河,七台河市桃山区新力轮胎服务中心,七台河市桃山区西站点
黑龙江,齐齐哈尔,齐齐哈尔四方轮胎商店,齐齐哈尔铁峰区龙南街
黑龙江,齐齐哈尔,齐齐哈尔名人轮胎商店,
黑龙江,齐齐哈尔,路吉轮胎商店,齐齐哈尔市铁峰区木海街13号楼3号
黑龙江,佳木斯,爱车人四轮定位,前锋农场2卫
黑龙江,佳木斯,顺通汽车修理,建三江前进镇农场
黑龙江,哈尔滨,双城孙勇轮胎商行,双城市东大街消防队斜对面
黑龙江,牡丹江,绥芬河丰驰轮胎铝圈经营中心,
黑龙江,绥化,绥棱李三轮胎修理商行绥棱县客运中心附近,
黑龙江,黑河,孙吴县艳航轮胎商店,交通街运管站西50
黑龙江,黑河,屈海顺轮胎商店,交通街运管站西100
黑龙江,伊春,立国汽车轮胎空调总汇,铁力市三道街恒信嘉园北门西侧
黑龙江,黑河,杰凯汽车美容装饰,通北火车站站前1号楼楼下
黑龙江,哈尔滨,通河县小谭子汽车修理部,
黑龙江,伊春,西林县汇龙轮胎商行,西林县火车站东200米
黑龙江,哈尔滨,哈尔滨市车益驰汽车用品商店,哈尔滨市南岗区宣化街469号
黑龙江,哈尔滨,延寿县北京现代专营店,延寿县北大街
黑龙江,齐齐哈尔,小邓老师轮胎商行,依安县北门转盘道东20米路南
黑龙江,呼盟,富民轮胎修理部,扎兰屯市永安路新客运站大门男5米
黑龙江,大庆,肇源县专业四轮定位,肇源县郭尔罗斯大街二小学对面
黑龙江,大庆,肇州福龙汽车电器修理商店,肇州新福乡幸福路
黑龙江,阿城,阿城锦城轮胎商店,
黑龙江,巴彦,巴彦新宏轮胎商店,
黑龙江,双鸭山,宝清专业四轮定位,
黑龙江,哈尔滨,哈尔滨新龙兴轮胎商店,
黑龙江,齐齐哈尔,A-拜泉－赵德方,
黑龙江,哈尔滨,哈尔滨市道里区超达汽车检测维修服务部,
黑龙江,哈尔滨,五常市捷驰轮胎商店,
黑龙江,哈尔滨,哈尔滨市南岗区宝迪隆汽车轮胎商行,
黑龙江,哈尔滨,哈尔滨市南岗区新龙辉汽车配件商店,
黑龙江,哈尔滨,哈尔滨市南岗区鑫亿达轮胎经销部,
黑龙江,哈尔滨,哈尔滨市平房区利源轮胎商店,
黑龙江,鸡西,鸡西市鸡冠区老五轮胎修理部,
黑龙江,绥化,绥化市真和汽车配件修理厂,
黑龙江,绥化,绥化中天四轮定位,
黑龙江,绥化,望奎县望奎镇绍明轮胎行,
黑龙江,呼盟,海拉尔区安驰轮胎商店,海拉尔东大街
黑龙江,鸡西,鸡东县向阳镇,鸡东县向阳镇中学对面
黑龙江,大庆,林甸县佳通轮胎总经销,林甸县2马路29号
黑龙江,牡丹江,牡丹江市西安区新火炬塑料焊接部,牡丹江市西2条路七星街16号
黑龙江,哈尔滨,木兰县文祥轮胎修理经销部,木兰县气象站斜对面
黑龙江,齐齐哈尔,齐齐哈尔普利司通轮胎商店,齐齐哈尔龙沙区和平厂医院后身
黑龙江,哈尔滨,尚志市标准轮胎商店,中央大街公会楼下
黑龙江,哈尔滨,尚志腾飞修理部,尚志市东大直街电影院斜对过
黑龙江,齐齐哈尔,泰来县多维洗车美饰广场,黑龙江省泰丰县医院西100米
黑龙江,哈尔滨,通河县中海修理部,清河县北环路29号
黑龙江,绥化,肇东市新九洲汽车配件商店,肇东市8道街120-2号
黑龙江,哈尔滨,A-哈市横滨轮胎--范茹鑫,
黑龙江,垦区,八五三农场-蒋宝志,
黑龙江,齐齐哈尔,甘南顺通轮胎行-孙加喜,
黑龙江,哈尔滨,哈尔滨市道外区鑫盛轮胎商行-许振东,
黑龙江,哈尔滨,哈尔滨市南岗区轮胎定位经销部-李海峰,
黑龙江,哈尔滨,哈尔滨市南岗区新龙辉汽车配件商店-田树森（于志泉）,
黑龙江,黑河,嫩江-张文彬,
黑龙江,佳木斯,前进镇-马英文,
黑龙江,绥化,庆安县红润轮胎服务中心-张金禄,
黑龙江,齐齐哈尔,泰来县多维汽车美容店-李龙,
黑龙江,哈尔滨,哈市华雨机械补胎,
黑龙江,齐齐哈尔,（拉哈镇）齐齐哈尔农垦查农机物资商店-刘丹,
黑龙江,双鸭山,胜利农场-李伟,
黑龙江,黑河,北安市金驰汽车服务中心 -常华,
黑龙江,牡丹江,东京城镇现代轮胎商店-陈丽娟（陈伟民）,
黑龙江,鸡西,鸡东-陈强,
黑龙江,佳木斯,佳木斯吉佳汽车用品商贸有限公司-张淑丽（柏极光）,
黑龙江,牡丹江,林口-戴宝军,
黑龙江,黑河,逊克-杨坤,
黑龙江,齐齐哈尔,依安县远大轮胎商店-王传宝,
黑龙江,齐齐哈尔,富裕县万邦轮胎修理部--玄世锦,
黑龙江,双鸭山,集贤正通轮胎商店-宋立达,
黑龙江,大庆,肇州朝阳沟镇（采油十场）双星轮胎商店,
黑龙江,佳木斯,前进镇顺通汽车修理,
黑龙江,双鸭山,胜利农场轮胎润滑油大全,
黑龙江,双鸭山,顺程五轮定位中心,
黑龙江,鹤岗,凤翔镇炳山轮胎商店,
黑龙江,双鸭山,饶河正大轮胎大全,
黑龙江,伊春,嘉荫大禹轮胎,
黑龙江,伊春,辉耀汽车维修,
黑龙江,双鸭山,海涛轮胎服务中心,
黑龙江,双鸭山,艳峰轮胎中心,
黑龙江,双鸭山,八五三农场长安汽车服务站,
黑龙江,鹤岗,宝泉岭汽车修理,
黑龙江,鹤岗,宝泉岭车王音响美容轮胎用品,
黑龙江,鹤岗,共青金辉汽修,
黑龙江,佳木斯,鹤立辉煌轮胎城,
黑龙江,绥化,海波专业轮胎,
黑龙江,哈尔滨,山后乡修理部,
黑龙江,齐齐哈尔,玉宝轮胎洗车行,
黑龙江,哈尔滨,嘉宇轮胎行,
黑龙江,绥化,大千轮胎商行,
黑龙江,绥化,邵明轮胎行,
黑龙江,牡丹江,任老大修理部,
黑龙江,哈尔滨,老梁农机修理,
黑龙江,七台河,轮胎修理,
黑龙江,鸡西,盛鑫汽车服务,
黑龙江,牡丹江,崔家汽车修配厂,
黑龙江,鸡西,天地人和轮胎经销处,
黑龙江,牡丹江,东京城镇韩泰轮胎商店,
黑龙江,哈尔滨,王辉轮胎修理,
黑龙江,牡丹江,朝阳轮胎,
黑龙江,牡丹江,务存配件修理,
黑龙江,牡丹江,大众汽配修理,
黑龙江,牡丹江,隆达洗车行,
黑龙江,牡丹江,鑫兴修理,
黑龙江,大庆,宝昌轮胎修理,
黑龙江,大庆,广维轮胎商店,
黑龙江,大庆,双星轮胎经销商店,
黑龙江,大庆,顺达轮胎修理,
黑龙江,大庆,海涛轮胎修理部,
黑龙江,绥化,顺意汽车修理,
黑龙江,绥化,大众汽车修理,
黑龙江,大庆,轮胎修理商店,
黑龙江,黑河,悦华轮胎润滑油商店,
黑龙江,黑河,轮胎修理部,
黑龙江,齐齐哈尔,轮胎修理商店,
黑龙江,黑河,龙腾汽车修理,
黑龙江,齐齐哈尔,军宝轮胎修理部,
黑龙江,齐齐哈尔,农垦查农机物资商店,
黑龙江,大庆,新福轮胎商店,
黑龙江,齐齐哈尔,柱子轮胎修理,
黑龙江,牡丹江,林口县小魏修理部,黑龙江省牡丹江市林口县客运站东侧1000米
黑龙江,牡丹江,东京城镇现代轮胎大全,黑龙江省宁安市东京城公安局西侧
黑龙江,双鸭山,集贤县万明轮胎商店,黑龙江省双鸭山市集贤县同福街
黑龙江,七台河,勃利县韩泰轮胎商店,黑龙江省七台河市勃利县医院东100米
黑龙江,齐齐哈尔,克山县万金四轮定位汽车养护中心,黑龙江省齐齐哈尔市克山县客运站东侧
黑龙江,鸡西,密山市密山镇韩泰轮胎商店,黑龙江省密山市密山镇铁西
黑龙江,齐齐哈尔,泰来县多维洗车美饰广场,黑龙江省泰丰县医院西100米
黑龙江,齐齐哈尔,甘南县兴达汽车修配厂,黑龙江省齐齐哈尔市甘南县干南大街
黑龙江,哈尔滨,巴彦县北直路轮胎修理部,黑龙江省哈尔滨市巴彦县北二道街中
黑龙江,绥化,庆安县好运轮胎商店,黑龙江省绥化市庆安县酱菜厂西侧
黑龙江,鸡西,迎春祥途轮胎行,黑龙江省虎林市迎春镇八五四社区
黑龙江,哈尔滨,哈尔滨市平房利源轮胎商店,黑龙江省哈尔滨市平房区联盟大街
黑龙江,绥化,海伦市天成轮胎经销部,黑龙江省绥化市海伦市南二道街
黑龙江,哈尔滨,清河老谢轮胎经销处,黑龙江省哈尔滨市通河县清河镇北环路
黑龙江,黑河,北安福特轮胎商店,黑龙江省黑河市北安市头道街大桥西
黑龙江,哈尔滨,哈尔滨天兵汽车配件,黑龙江省哈尔滨市宣化街20号
黑龙江,哈尔滨,尚志市新光辉轮胎修理部,黑龙江省哈尔滨市尚志市西大直街国税局楼下
黑龙江,双鸭山,友谊海涛轮胎经销处,黑龙江省双鸭山市友谊县公安局东侧
黑龙江,齐齐哈尔,富裕县万邦轮胎大全,黑龙江省齐齐哈尔市富裕县北三道街25-1号
黑龙江,佳木斯,桦南县利民专业轮胎,黑龙江省佳木斯市桦南县交警队对面
河南,郑州,顺达轮胎行,郑州市中原区秦岭路与农业路向北1000米路东
河南,郑州,固特异轮胎,郑州市农业东路与中州大道向西2000米路南
河南,郑州,滨湖汽车服务中心,郑州郑上路汽配城最后一排
河南,郑州,耐克森轮胎,郑州花园路北环汽配城西区
河南,郑州,佳通轮胎,郑州中原区华山路颍河路向西500米
河南,郑州,韩泰轮胎,郑州二环路沙口路向东500米路南
河南,郑州,固特异轮胎,巩义市南环路检察院西50米
河南,郑州,横滨轮胎,中牟解放路与官渡大街交叉口向南500米
河南,郑州,韩泰轮胎,新郑新华路文化路向北
河南,开封,誉神车之家 ,开封集英街龙城香榭里西门南50米路西
河南,开封,开封市凯达轮胎行 米其林,宋城路65号附8号  康太家园南门西100米
河南,开封,顺河区永丰轮胎商店,滨河路东段卫校西100米
河南,商丘,京港玛吉斯服务中心,文化路神火大道交叉口西200米路北
河南,商丘,米其林轮胎（永城换油中心）,芒山路沱河大桥北头路西
河南,商丘,庄周轮胎商行,民权东高架桥北与庄周大道十字路口
河南,周口,横滨形象店,交通路与大庆路
河南,驻马店,驻马店好运轮胎店,金雀路与正阳路交叉口
河南,信阳,固特异轮胎店-张军,王审知大道与黄河路交叉口
河南,安阳,安阳市剑锋汽配轮胎商行,安阳市文昌大道兴达汽配城中区5-8号
河南,安阳,固特异轮胎店-管永富,林州市安林转盘东200米
河南,安阳,荀院宾,
河南,濮阳,固特异店,濮阳市站前路中段
河南,濮阳,濮阳市胜利路耐驰轮胎销售中心,濮阳市胜利东路中医院东
河南,濮阳,顺鸿轮胎商行,濮阳市站前路中段
河南,新乡,固特异轮胎店,新乡市纺织路与和平大道交叉口
河南,新乡,车之臣轮胎轮毂监测中心,新乡市和平大道与南环路交叉口
河南,新乡,长垣县万达轮胎超市,长垣市汽车站南500米
河南,新乡,斯达飞轮胎店,辉县南李庄大门北两百米
河南,平顶山,平顶山二豹轮胎行,南环路气象局对面
河南,平顶山,银杏轮胎服务中心,叶县叶邓路口
河南,平顶山,红伟修配,宝丰县西环路苗李路口200米
河南,许昌,米其林轮胎,长葛市107国道与长社路口
河南,许昌,韩泰轮胎禹州专卖店,禹州市禹王大道西段电信大楼斜对面
河南,许昌,许昌市东城区八龙轮胎行,许昌市文峰路与天宝路交叉口东南角
河南,南阳,老六轮胎行,光彩市场
河南,南阳,小李轮胎行,南阳市高新路28中斜对面
河南,南阳,东洋轮胎门头,东风路粮油加油站旁
河南,南阳,小胖轮胎行,东环路建设路交叉口北500米
河南,鹤壁,横滨轮胎店,新区黄河路西段路北
河南,新乡,小王轮胎店,长垣市建设路西段
河南,鹤壁,鹤壁市开发区开利轮胎修理部,鹤壁新区淇滨大道西段车站附近
河南,平顶山,东洋轮胎,汝州东站北500米
河南,南阳,宛城区轿车修理,长江路白河加油站东300米
河南,郑州,邓禄普轮胎,花园北路天荣汽配市场
河南,郑州,庆丰轮胎商行,花园北路天荣汽配市场
河南,洛阳,新安县新城康弟轮胎商行,新城加油站西200米路北
河南,郑州,倍耐力轮胎,
河南,焦作,应战轮胎服务有限公司,铜马车站北500米路东
河南,郑州,东洋轮胎,中原汽配城
河南,郑州,中化直营店,中原路华山路东100米路北
河南,三门峡,渑池县黄河路安驰轮胎服务中心,河南省渑池县黄河路仰韶花园大门西侧
河南,郑州,郑州市二七区建昌车之家轮胎经营部,
河南,郑州,郑州市金水区金丰汽车维修站,
河南,荥阳,荥阳市工业路大伟轮胎维修部,
河南,福州,上街洛宁路与厂前街,上街洛宁路与厂前街
河南,平顶山,湛河区老陈轮胎维修部,
河南,平顶山,平顶山市新华区优科豪马轮胎销售总汇,
河北,商丘,宁陵县轮胎修理店,
河南,三门峡,三门峡市路通汽车配件服务部,河南省三门峡市虢国路东段交通花园东隔壁
河南,南阳,南阳市宛城区轿车长江路专项服务部,长江路白河加油站东300米
辽宁,沈阳,安信达,沈阳市和平区省委门前四马路斜对面
辽宁,铁岭,昌图兴盛轮胎经销处,昌图县老汽车队对过
辽宁,朝阳,朝阳万友汽配有限公司,朝阳市中山大街3段21-3六六七新华印刷厂对过
辽宁,盘锦,大洼振和汽车用品商店,盘锦市大洼县农行对过党校北200米
辽宁,丹东,凤城晨远轮胎总汇,凤山路71-3-6
辽宁,阜新,阜新市佳源物资商贸有限公司,阜新市四委党校北侧西环路
辽宁,锦州,黑山大陆汽车装饰,农电局斜对面
辽宁,沈阳,佳合顺轮胎经销部,沈阳市和平区砂阳路102号(辽冶对面)
辽宁,朝阳,建平立鑫轮胎商行,建平县北山建材市场西50米（101线红绿灯北）
辽宁,锦州,锦州轮胎医院,锦州市凌河区贵州街20-51号新玛特
辽宁,锦州,锦州远航轮胎经销处,锦州市凌河区北京路9-48
辽宁,营口,老边汽修,老边区四栋房
辽宁,沈阳,辽中县晓江轮胎修理部公司,辽中南环路烟草局东50米道北
辽宁,盘锦,盘锦碧际,盘锦市兴隆台客运站对过
辽宁,盘锦,盘锦市兴隆台区晓驰轮胎经销处,兴隆台区泰山路中心公园南
辽宁,盘锦,盘锦新兴,盘锦市双台子区
辽宁,沈阳,沈阳山之巅轮胎销售部,沈阳市大东区中学堂路3号3门
辽宁,沈阳,沈阳市铁西区沃瑞尔汽配商行,铁西区肇工南街95号3门（西部汽配城一期外货梯斜对面
辽宁,沈阳,沈阳市新车港汽车服务中心,辽宁省沈阳市沈辽路
辽宁,沈阳,沈阳鑫宏泰轮胎二部,沈阳沈河区东陵西路73号8门9门
辽宁,盘锦,台安固珀,台安县二高小桥 路北
辽宁,盘锦,台安普利司通轮胎专卖店,胜利路环卫处正对面
辽宁,盘锦,台安天华轮胎销售中心,台安县工业园区
辽宁,沈阳,新民泓旺达,新民市
辽宁,阜新,彰武迎新轮胎商行,彰武县南环路
辽宁,朝阳,北票万里轮胎汽配经营有限公司,北票市振兴街西段万里轮胎
辽宁,本溪,本溪市兴龙达轮胎有限公司,本溪市明山区明东街5号楼
辽宁,铁岭,昌图车宜佳（东洋）,昌图县102线东晟大酒店北100米（挂东洋店招）
辽宁,丹东,丹东星火汽车配件销售有限公司,丹东市振兴区体育馆路26号 锦山大街281-10德龙家园楼下（新店）
辽宁,沈阳,法库嘉庆(松立)轮胎专卖店,法库县法库镇团结街22号楼
辽宁,沈阳,韩泰轿驰店（鑫顺驰）,沈辽路三隆商场前行200米
辽宁,葫芦岛,葫芦岛仁和汽车销售有限公司,葫芦岛市连山区站前街砂轮厂60#
辽宁,开原,开原弘鹏修理厂,开原五金城东门102线
辽宁,开原,开原轮胎总汇,开原市汽配城15号楼南开4号
辽宁,沈阳,康平县立兴轮胎经销部,康平县粮库对面
辽宁,盘锦,盘锦鹏程,盘锦市双台子区双兴路高家转盘
辽宁,盘锦,盘锦市观台子区顺城轮胎经销处,双台子区妇婴医院对过
辽宁,沈阳,沈阳俊萍轮胎修理部,怒江北街
辽宁,沈阳,沈阳美驰达汽车美容装饰中心,沈阳市沈河区东滨河路134号，大南桥东50米
辽宁,沈阳,沈阳市和平区骏元达汽车服务商行,沈阳市和平区胜利南街230号
辽宁,沈阳,沈阳市仁文皇姑店,皇姑区崇山西路淮河街18-1号
辽宁,沈阳,沈阳市仁文轮胎商行,沈阳市于洪区沈新路12-1号
辽宁,沈阳,沈阳张波轮胎修理部,苏家屯
辽宁,沈阳,沈阳众达轮胎,沈阳市鸭绿江街69号3门
辽宁,沈阳,苏家屯志鹏门市,苏家屯
辽宁,营口,营口强力轮胎店,营口站前区光华路集贤里9-18号
辽宁,抚顺,调兵山市鑫玉轮胎修理部,调兵山市北山街
辽宁,鞍山,鞍山轮胎大全,铁西区大润发附近
辽宁,鞍山,鞍山信诚,铁东区佳伦世纪园1-74号
辽宁,本溪,本溪东芬普利司通,本溪市体育场正门
辽宁,丹东,丹东德利达,丹东市振安区珍珠街133-7号
辽宁,抚顺,抚顺东洲区德财汽车修配厂,抚顺市东洲区幺堡
辽宁,抚顺,抚顺汽车配件公司,抚顺市新城路西段39号
辽宁,葫芦岛,葫芦岛顺安轮胎销售中心     ,葫芦岛市连山区永昌路
辽宁,开原,开原东升轮胎店,开原市汽配城，万源物流咯楼下
辽宁,盘锦,盘锦泰孚龙修保轮胎服务中心,盘锦市兴隆台区
辽宁,沈阳,沈阳市铁西区车美宜汽车服务中心,辽宁省沈阳市铁西区云峰广北四路
辽宁,沈阳,沈阳恒源贸易（轿车胎）,沈阳市于洪区沈新路12号8门
辽宁,沈阳,沈阳市双牛汽车轮胎服务店,沈阳市大东区沈铁路38号1门
辽宁,抚顺,清原运达轮胎超市,清原县火车站东100米（发长吉）
辽宁,沈阳,沈阳强盛鑫轮胎（宏达轿车胎）,沈阳市东北大马路国瑞汽配城
辽宁,沈阳,沈阳市新鑫源泽汽车轮胎商行三部SY.,沈阳市和平区文体西路108号
辽宁,沈阳,鑫安驰,沈阳市沈河区小南加油站对面
辽宁,鞍山,岫岩玉城,岫岩城东路计生委楼下
辽宁,营口,营口龙达,发货
辽宁,铁岭,西丰县宝力轮胎修理部（飞鹏）,西丰县红旗路县医院西侧
辽宁,本溪,小市佳荣,本溪小市张家堡
辽宁,沈阳,新民市石峰轿车维修中心,新民市外环农机市场北大门东侧
辽宁,沈阳,沈阳新恒翼轮胎,沈辽路小潘（潘城阳光对面）
辽宁,辽阳,弓长岭广勇修理部,发货
辽宁,辽阳,辽阳首山奇胜,首山镇
辽宁,辽阳,辽阳天顺,辽阳市首山桥洞西行100米
辽宁,抚顺,清原飞龙轮胎超市,清原县白云街(白云桥北走100米)
辽宁,营口,海城市恒通汽车轮胎商行,辽宁省海城市新立派出所西行68米
辽宁,营口,海城锦路,发货
辽宁,本溪,桓仁鹏一轮胎销售中心,发安华带款 东关孙家小吃部西走50米
辽宁,本溪,桓仁信源轮胎销售中心,桓仁县老马石材西行50米 必须发安华  月结
辽宁,锦州,锦州市古塔区宏伟驰加轮胎行,辽宁省锦州市古塔区士英街51-15号
辽宁,沈阳,沈阳鑫钱路通轮胎之家,和平区胜利南街175-1*汽配城对面
辽宁,营口,营口天麒汽车综合服务有限公司,营口市站前区市府路18甲
辽宁,本溪,本溪市威达轮胎服务中心,本溪市明山区胜利路50号十二中学楼下
辽宁,营口,盖州市利海汽车服务中心,辽宁省盖州市北关
辽宁,本溪,本溪东明轮胎服务中心,东明鱼市
辽宁,沈阳,沈阳吉宏城轮胎服务中心,沈阳市沈河区长青街89号11门
辽宁,沈阳,沈阳米兰汽车维修中心,沈阳市沈河区泉源二路15号5门
辽宁,营口,熊岳远足轮胎,营口市鲅鱼圈区熊岳镇
辽宁,锦州,永安机动车修配厂,辽宁省黑山县小东镇
辽宁,丹东,凤城东南轮胎经销处,凤城市东南花园
辽宁,抚顺,抚顺将军桥北补胎,抚顺中法正门对面马路
辽宁,营口,大石桥老陈修理部,大石桥石桥大街103-104（陆合医院道南）
辽宁,丹东,宽甸满族自治县城镇金旺轮胎经销处,辽宁省宽甸满族自治县西环路步行街斜对过
辽宁,抚顺,阜新市海州区浩洋轮胎城,辽宁省阜新市火车站前七中对面
辽宁,营口,抚顺市新抚区骏驰轮胎商店,抚顺市新抚区略阳街5号
辽宁,抚顺,盖州利海轮胎,盖州市北关路医药公司对面
辽宁,辽阳,抚顺辽东轮胎销售有限公司（瑞华）,北杂木国道202线
辽宁,辽阳,辽阳车师傅,辽阳太子河区南郊路109号教委岗
辽宁,鞍山,辽阳润佳轮胎,辽阳市卫国路120号
辽宁,鞍山,鞍山新旺轮胎超市,鞍山市铁西区交通路95-2号
辽宁,沈阳,鞍山鑫大众轮胎,鞍山市利山区北中华路139栋60号
辽宁,大连,沈阳市宜车汽车轮上用品商行,昆山西路238号（原佾龙）
辽宁,营口,大连轮达公司,营口经济技术开发区天山大街北段路东
辽宁,本溪,鲅鱼圈天山轮胎大全,峪明路5栋9号（高峪大苹果唐家路口10米）
辽宁,沈阳,本溪市惠多轮胎经销有限责任公司,辽宁省本溪市高峪大华秉唐家路口
辽宁,丹东,大潘俊达轮胎销售维修中心,丹东市振兴区花园路16-3-1
辽宁,盘锦,丹东禹盛轮胎,丹东市振兴区花园路16-3-1
辽宁,盘锦,东港鹏程,盘锦市双台子区双兴路高家转盘北200米
辽宁,沈阳,盘锦市双台子区光辉轮胎经销处,铁西区肇工南街13号13门
辽宁,沈阳,沈阳兄弟汽车轮胎,沈阳市皇姑区西江街皇姑热电厂南100米
辽宁,沈阳,沈阳北联轮胎,东陵深井子
辽宁,抚顺,沈阳深井子轮胎大全,东陵深井子
辽宁,抚顺,铁法永正源,铁岭市公安大厦北200米
辽宁,抚顺,铁岭市世强轮胎商行,铁岭市银州区金秋医院对面（长青路东段4号楼）
辽宁,沈阳,铁岭泰丰轮胎经销处,铁岭市银州区金秋医院对面（长青路东段4号楼）
辽宁,沈阳,八面城曹阳轮胎,辽中县茨榆坨镇
辽宁,阜新,茨榆坨宝通轮胎经销处,辽中县茨榆坨镇
辽宁,抚顺,铁岭市银州区兴旺同乐汽车用品有限公司,铁岭市银州区清真寺斜对面
辽宁,沈阳,铁岭同乐轮胎大全商店,新民市外环农机市场北大门东侧
辽宁,盘锦,营口鑫顺,营口市蔬菜公司东走200米
辽宁,丹东,盘锦顺诚（双台子）,双城区妇婴医院对面
辽宁,丹东,丹东万福汽修,丹东市振兴区桃源区街44-11号
辽宁,鞍山,凤城市凤凰城经济管理区万里行轮胎销售中心,凤城市凤山路71-1-6
辽宁,锦州,海城新佳明,海城市北大营
辽宁,锦州,锦州经济技术开发区强强汽车配件商店,辽宁省锦州市经济技术开发区天工路
辽宁,丹东,锦州鑫宏伟,锦州宏伟新店（南桥）
辽宁,沈阳,宽甸鑫达,宽甸县西环路西门外小学南侧20米
辽宁,沈阳,沈阳市（聚元亨）新鑫源泽汽车轮胎商行三部SY.,沈阳市和平区文体西路108号
辽宁,抚顺,沈阳鑫万众轮胎经销处,沈河区长青街87-2号
辽宁,锦州,西丰镇天府轮胎修理部,西丰县财政局东挂佳通牌
辽宁,盘锦,义县大众,义县中兴园36-20
辽宁,阜新,张伟峰（盘锦）,盘锦市兴隆台区乐园小区
辽宁,沈阳,彰武柳溪,彰武柳河桥桥西
辽宁,沈阳市,沈阳市铁西区日日达轮胎经销处,辽宁省沈阳市铁西区沈定璐
辽宁,葫芦岛,葫芦岛永进汽车贸易有限公司,辽宁省葫芦岛市连山区滨河大道16-16号
辽宁,沈阳,沈阳信源商贸有限公司,沈阳市铁西区北二西路26号甲19-18门
辽宁,营口,老边德宏汽车修理,营口市老边区铁东南街
辽宁,沈阳,沈阳市韩耐汽车轮胎经销部,辽宁省沈阳市卫二丁北三路
辽宁,沈阳,沈阳军鹰轮胎大全,
辽宁,本溪,本溪万里圣,
辽宁,丹东,凤城傲人展,
辽宁,阜新,阜新老金轮胎总汇,
辽宁,葫芦岛,葫芦岛森安汽车,
辽宁,葫芦岛,凌海轮胎大世界,
辽宁,葫芦岛,凌源美森四轮定位,
辽宁,铁岭,西丰镇韩泰轮胎修理部,辽宁省西丰县顺城路法院西侧100米
辽宁,铁岭,铁岭市银州区大意小康汽车用品有限公司,辽宁省铁岭市银州区
辽宁,开原,开原市新奉达汽车服务有限公司,辽宁省开原市汽配城
辽宁,沈阳,沈阳市宏伟轮胎商行,辽宁省沈阳市大东区长春行
辽宁,阜新,阜新鸿泰轮胎城,辽宁省阜新市四合路中段
辽宁,宽甸,宽甸满族自治县城镇明志轮胎商行,辽宁省宽甸县客运站斜对过
辽宁,宽甸,宽甸满族自治县城镇常奇轮调服务部,辽宁省宽甸县步行街西头
辽宁,鞍山,鞍山市铁西区永利汽配商行,辽宁省鞍山市铁西区交通路路口
辽宁,鞍山,鞍山鼎元机电贸易有限公司,辽宁省鞍山市铁西区交通路甲55-2
辽宁,凌海,凌海市大凌河街鑫东达汽车修配厂,辽宁省凌海市大凌河街国庆路东二段
辽宁,沈阳,沈阳市铁西区震坤轮胎商行,辽宁省沈阳市铁西区
辽宁,沈阳,沈阳市博荣天地汽车轮胎经销部,辽宁省沈阳市沈河区富民街21号
辽宁,铁岭,铁岭昊鹏,辽宁省铁岭市银州区
辽宁,本溪,小市运成轮胎经销处,辽宁省本溪县小市镇外环路
辽宁,铁岭,辽宁昌图轮胎大世界,辽宁昌图县客运站南行300米
辽宁,鞍山,鞍山金龙轮胎经销处,辽宁省鞍山市
辽宁,灯塔,灯塔玲珑轮胎经销处,辽宁省灯塔市向阳路
辽宁,鞍山,鞍山市启正轮胎店,
辽宁,小市,小市吉盛,辽宁省小市外环路
辽宁,抚顺,辽东轮胎超市北杂木店,辽宁省抚顺
辽宁,沈阳,沈阳富淘商贸有限公司,辽宁省沈阳市皇姑区二台子
辽宁,北票,北票九九轮胎行,辽宁省北票
辽宁,黑水,黑水洪波轮胎行,辽宁省黑水
辽宁,抚顺,抚顺八方轮胎商行,辽宁省抚顺市将军街
辽宁,沈阳,沈阳顺达通轮胎经销处,辽宁省沈阳市铁西区南七西路
辽宁,鞍山,鞍山市亿轮轮胎经销处,辽宁省鞍山市和平路
辽宁,沈阳,沈阳市鑫源泽四轮定位服务站,辽宁省沈阳市西郊汽配
辽宁,沈阳,沈阳市铁西区兄弟轮胎商行,辽宁省沈阳市南二路
辽宁,朝阳,建平成诚轮胎城,辽宁省朝阳市建平县万寿路
辽宁,东港,东港市新兴区桥东鹏程修理部,辽宁省东港市新兴区桥东
辽宁,沈阳,沈阳市铁西区车宜佳汽车服务中心,辽宁省沈阳市云峰
天津,天津,轮胎大全,天津市北辰区津围公路
天津,天津,宇轩缘汽车服务中心,天津市南开区宜宾道11号
天津,天津,津利发汽车维修,天津市南开区清化祠大街79号
天津,天津,宝明轮胎,工农村实达汽配城对过
天津,天津,佳峰轮胎,天津市沙柳路
天津,天津,华鑫轮胎热补店,天津市南开区苏堤路25号
天津,天津,印坤汽车养护中心,天津市津南区
天津,天津,津正轮胎销售中心,天津市东丽区新泰汽配城
天津,天津,福顺轮胎修理部,天津市河北区真理道和海门路交口
天津,天津,雅度轮胎,天津市东丽区
天津,天津,三角轮胎专卖,天津市河北区普济河东道
天津,天津,聚发源轮胎维修站,养鱼池路与水产前街交口
天津,天津,正霸轮胎,天津市西青区
天津,天津,鑫通宝轮胎公司,天津市河西区
天津,天津,世纪雯达轮胎销售中心,西青青光镇
天津,天津,金三角轮胎,河北区南口路
天津,天津,李晓燕,天津塘沽
天津,天津,津海汽车服务中心,天津市塘沽区碧海鸿庭
天津,天津,祥升轮胎,天津市南开区保山道横江里1号楼
天津,天津,强子轮胎商行,天津市东丽区程林庄路
天津,天津,宏伟轮胎,北辰区辰盛路 
天津,天津,东洋轮胎,河东区泰兴路
天津,天津,天龙汽车美容,津南区咸水沽南运旁
天津,天津,空港高经理,空港开发区
天津,天津,津东振洪,东丽区小东庄路口东200米
天津,天津,润晟汽车,北辰区宜兴路翠金园底商
天津,天津,赵士华,大港津岐公路
天津,天津,顺隆汽车,六纬路与十四经路交口
天津,天津,长信轮胎修补,天津市河北月牙河
天津,天津,信美轮胎,天津市武清区徐官屯工贸大街西侧育才路派出所对过
天津,天津,赵永雷,天津市河北区铁中北路
天津,天津,周浩,河东区
天津,天津,车之喜,河北区五马路86号
天津,天津,路遥之星轮胎店,天津市河东区十一经路与十纬路交口
天津,天津,李强,天津市河北区真理道41号
天津,天津,世荣轮胎经营部,天津市东丽区孙庄子小学旁
天津,天津,海泽汽车轮胎大全,天津市西青区经济开发区
天津,天津,北粤华汽车,塘沽区车站北路
天津,天津,鑫隆汽车,车站北路拘留所对过
天津,天津,车乐汽车,拉萨到12号
天津,天津,张囡,天津市北辰区新宜白大道普兴里底商
天津,天津,米其林轮胎,北仓道国家电网对面
天津,天津,家祥汽车维修中心,河北区建昌道
天津,天津,广通轮胎,天津市河东区常州道22号
天津,天津,明津汽配,河北区忠北里2号
天津,天津,金龙汽车,六纬路十三经路与十二景路交口
天津,天津,林长平,天津市河东区振中路
天津,天津,远程汽车,河西区南北大街美宁公寓4号楼
天津,天津,龙文汽车,河西区解放南路汽配城
天津,天津,神州汽车,小海地珠江道与枫林路交口
天津,天津,滨顺捷汽车,天津市南开区三潭路117号
天津,天津,宏鑫轮胎,北辰区高峰路
天津,天津,龙康汽车,天津市红桥区丁字沽
天津,天津,清鸿达汽车,西青道121号
天津,天津,瀚鑫汽车,北辛庄大楼底商25-5
天津,天津,泛美汽车轮胎,天津市南开区苍穹道
天津,天津,飞驰汽车,秀川路阳光100底商
天津,天津,利成汽车,荣安达街76号
天津,天津,远征汽车轮胎,天津市津南小站
天津,天津,陈永昌,天津市东丽区军粮城津北公路
天津,天津,景发汽车配件,天津市北辰区高峰路
天津,天津,二线轮胎,东丽区津塘二线
天津,天津,轮之翼,宝坻区新汽车站北700米路东
天津,天津,理光轮胎经销处,蓟县西关红绿灯南300米
天津,天津,众捷汽修,津围公路LG对面
天津,天津,福顺鑫达轮胎,天津市东丽区华明镇停车场旁院内
天津,天津,程宝才,天津市东丽区津北公路财城公寓底商
天津,天津,轮胎专卖颜,晨永路王庄村
天津,天津,澳利四轮定位,河北省廊坊市金光道和东外环交口
天津,天津,顺鑫轮胎,天津市西青区密云一支路
天津,天津,大港亚通,天津市大港区
天津,天津,红桥韩经理,河北大街
天津,天津,纪元汽修,天津市河北区金钢桥金海道
天津,天津,勇驱汽修,天津市河西区环湖南路
天津,天津,星淼汽车修配中心,天津市河东区津塘路138号
天津,天津,久源汽配,天津市塘沽区杭州道
天津,天津,完美汽车修理,天津市塘沽区广州道岷江里
天津,天津,荣驰修理部,天津市塘沽区宝山道1661号
天津,天津,起峰车队,天津市东丽区开发区四经路
天津,天津,港南轮胎修理部,天津市大港区东环路
天津,天津,运通轮胎,廊坊市南外环常甫路
天津,天津,翔宇轮胎,廊坊市东环路与光明道交口
天津,天津,献县白楼轮胎,河北献县白楼南
天津,天津,河间进宝轮胎,河间市交警大门口北
河北,邯郸,邯郸市邯山区乐佳驰汽车用品有限公司,河北省邯郸市幸福路棉麻总公司仓库
天津,天津,卫东轮胎经销部,天津市芦汉路加油站旁
天津,天津,天津市天意车神轮胎有限公司,天津市河南区平江道81号
广东,佛山,伟成汽车专业美容中心,佛山市南海区平洲南港路4号南港名轩107-112
广东,江门,江门市仓后鸿惠轮胎经营部,江门市环市一路26号
广东,江门,江门市蓬江区环市汇友汽车轮胎行,江门市白石大道育德山庄聚德街34栋（怡康华庭对面）
广东,阳江,台山恒星汽车用品店,台城西路38号北圹广场南门分店
广东,东莞,东莞市超业轮胎经营部,东莞市长泰路华兴加油站侧
广东,深圳,深圳黑妹轮胎店,
广东,深圳,深圳市深富城轮胎店,深圳市罗湖区布深东昌路18号综合楼110号
广东,深圳,深圳市福田英格汽车配件商店,深圳市福田区金田路辛盛苑2004-12
广东,深圳,深圳市罗湖鑫峰汽车轮胎销售部,深圳市罗湖区松园路153号
广东,深圳,深圳市恒发轮胎行,深圳市宝安区74区公元路6栋4号（广深高速宝安出口左转）
广东,深圳,深圳市罗湖华怡轮胎行,深圳市罗湖区清水河共发达货运站
广东,深圳,深圳雄生轮胎店,深圳市龙华镇龙胜东路东二村综合大楼8-9号
广东,中山,中山市西区旺发轮胎行,中山市西区升华路17号叠翠家园1栋1-6卡
广东,中山,中山恒信轮胎,
广东,广州,广州汉卡轮胎贸易有限公司,广州市黄埔大道西谭村路8号
广东,广州,广州市黄埔区亨盛汽车冷气护理服务部(永盛汽车服务中心）,广州市保沙路南洋会对面
广东,广州,广州市黄埔区新佳美汽车服务中心,广州市黄埔区夏元工业区东路边8号
广东,广州,广州速达四轮定位汽车维修服务中心,广州市白云区黄石东路江夏村东一街（江夏牌坊后面）
广东,广州,黄村汽车护理中心（原天河金源）,广州市天河区东圃镇转入大观路口的高架桥底
广东,广州,其它（广州）,(空白)
广东,深圳,深圳市车天车地汽车美容护理中心,深圳市宝安区沙井街道旁上星路B栋
广东,深圳,深圳市龙岗区坪山镇坤泰轮胎行,深圳市龙岗区坪山镇深汕路612号
广东,广州,广州市联盟汽车服务有限公司(原宝众),广州市白云区广园中路283号
广东,惠州,惠州市惠南商贸有限公司,惠州市麦地东路润城大厦首层107号
广东,惠州,惠州市新生汽车用品装饰行,惠州市麦地南路润丰苑6号
广东,广州,广州华喜汽车轮胎总汇,广州市白云区西槎路汇仁储贸商城13-14档
广东,佛山,路姆轿车林连锁商店,佛山南海盐步穗盐路东秀南边村11号铺（金居酒店旁）
广东,广州,广州兆盈汽车维修服务有限公司,黄埔大道西668号，广州骞马场汽车城东区16号（谭村路8号）
广东,广州,广州市增城家轿轮胎商行（欧菱永和店）,广州市新塘凤凰城路口经典酒店首层
广东,广州,广州市海珠区老友记轮胎店（海珠区）,怡乐路52号
广东,广州,林兴汽车轮胎维修部,增城市荔城街开园中路56号
广东,广州,华兴轮胎店,员村美林花园中林街68-70号
广东,广州,广州市信诚轮胎经营部,广州白云区嘉禾镇新石路石马路段207号（即石马路口站旁）
广东,广州,广州市花都区新华正大轮胎购销部,花都区新华镇天贵路88号（科技局旁）
广东,广州,广州鸿兴轮胎服务中心,增城市新塘港口大道263号（钢材市场对面）
广东,佛山,佛山骏威公司,佛山南海里水桂和公路（大冲路段）现通物流中心A区5栋03档
广东,江门,江门市蓬江区万里轮胎总,江门市环市二路21号之一第十卡（车管所门口正对面）
广东,揭阳,普宁市辉记轮胎服务中心,普宁市交警大队旁边
广东,深圳,深圳车管家实业发展有限公司,深圳宝田一路臣田新苑门口（流塘派出所右侧300米）
广东,深圳,北京惠尔轮胎有限公司深圳分公司,深圳市罗湖区红岗路1104号4栋1楼
广东,广州,新塘汽车美容中心（招牌：锦荣）,广州市天河区大观中路小新塘加油站内
广东,清远,佛冈县广佛轮胎服务中心,清远市佛冈县吉田科旺路口
广东,广州,广州奋进汽车轮胎四轮定位中心,广州广园中路33号三元里派出所对面
广东,广州,广州骏兴轮胎经营部,广州市天河科韵路（北往南转入中山大道转变处）
广东,广州,广州市人和宏记轮胎经营部,广州市白云区人和镇方华路口（交警中队对面）
广东,广州,广州市白云区景泰顺发轮胎汽车配件贸易部（原柯子岭顺发）,广州市柯子岭商业街景云路51号之一、二铺
广东,广州,广州市光头佬汽车服务中心,广州市越秀区建设大马路口
广东,广州,番禺大明汽配,广州市番禺区沙头西环路康泰园铺488-500号
广东,广州,广州市君子汽车维修服务有限公司,天河区员村二横路尾自翩300号G5（志才小学旁）
广东,珠海,珠海市香洲新启力轮胎服务中心,珠海市香洲区胡湾路111号
广东,珠海,珠海新兴汽车维修汽车电器维修商行,珠海香洲区梅华东路431号
广东,珠海,珠海顺驰轮胎行,珠海翠传北路173号
广东,珠海,珠海市真平万力轮胎店,珠海市拱北桂花北路水电二局楼下（桂花中巴士站旁）
广东,中山,中山杰迅汽车轮胎,中山市小榄镇菊城大道人民医院红绿灯处（横滨轮胎专门店））
广东,广州,广州市天河区天平卓荣轮胎贸易部,广州市穗公停车场轮胎批发城63档（沙太路燕塘工业园内）
广东,广州,广州市海珠区老友记轮胎店（海珠区）,怡乐路52号
广东,深圳,深圳市顺兴盈轮胎店（原尔雅）,深圳福田区福荣路沙嘴村三芳48号首层（沙嘴股份公司东侧）
广东,东莞,东莞市桥头新记汽车补胎店（原志新）,东莞市桥头镇领头管理区新记补胎店
广东,湛江,湛江徐闻华龙汽车音响,湛江市徐闻县徐城红旗一路（城北信用社队面）
广东,湛江,湛江市天祥汽车用品商行,湛江市人民大道北13-16号（湛江路口侧）
广东,广州,益展轮胎店,海珠区南洲路89号
广东,广州,新塘鸿兴轮胎补胎服务店,增城市新塘港口大道263号（钢材市场对面）
广东,茂名,茂名卡卡轮胎胎业,茂名市计星中路
广东,湛江,雷州仁福,雷州市西湖大道（水库路口落15米）
广东,深圳,深圳车宝汇胎玲替换中心,深圳市罗湖区太白路4015号
广东,广州,广州市海珠区通茂轮胎经营部,广州市海珠区工业大道北91号23档
广东,广州,广州市天河区大观新达汽车护理服务部,东圃珠村珠吉路河边4-11号
广东,茂名,茂名顺达,茂名市区
广东,清远,清远市美捷汽车服务有限公司,清远市人民二路35号(旅游大厦)
广东,佛山,佛山汽车保姆,总店：佛山市华远东路中段，分店：江湾路5号
广东,深圳,深圳市罗湖合兴名车胎铃,深圳市罗湖区太宁路17栋103
广东,广州,从化市城郊信明轮胎配件店,从化市凤仪西路1巷1栋107号
广东,广州,广州市顺玲轮胎商贸发展有限公司(花都恒业),广州市花都区云山路宾馆新村13幢13号
广东,深圳,深圳市深宝汽车配件精品店（即原宝文）,深圳市莲花北路花天心楼7号
广东,广州,广州从化运通贸易有限公司,从化市凤仪路61号
广东,广州,韶关市鸿泰轮胎服务中心,韶关市武冈区建设路419医院正对面1-6门店
广东,韶关,深圳市倍耐力轮胎行,深圳市西乡大道227号（金香江家具和西乡立交加油站旁）
广东,深圳,深圳百车汇汽车维修服务中心,深圳市宝安区石岩田心大道村委大厦一楼
广东,深圳,深圳富贵轮胎店,深圳市龙岗区坪山金碧路91号（新迪招牌店，坪山广场附近）
广东,深圳,深圳华生胎铃世界,深圳市龙岗镇龙平东路396号（盛平桥头）
广东,深圳,深圳观兰宝发轮胎电池行,深圳宝安区观兰镇大和万众城家居广场1楼
广东,深圳,深圳市深宝汽车配件精品店（即原宝文）,深圳市莲花北路花天心楼7号
广东,深圳,深圳市锦威实业有限公司（新宝马小车护理中心）,深圳市宝安西乡街道流塘社区榕树路48号
广东,深圳,深圳赛博轮胎有限公司,深圳市宝安区龙华东环二路新华苑1栋105铺
广东,东莞,东莞厚街顺兴汽车用品中心,东莞厚街汽车站对面马路
广东,东莞,东莞虎门广通,广深公路107国道虎门龙眼环形岛卢屋入口右侧
广东,广州,花都明洁汽车轮胎美容服务部,广州市花都狮岭镇杨赤线合成信用社侧
广东,广州,广州市增城万顺通汽车四轮定位美容护理中心,增城荔城镇府前路海涛居7幢首层102号
广东,广州,广州佳超轮胎店,白云区广花一路黄石北收费站前200米鹤南公交车站后面13号
广东,广州,广州市荔湾区芳村亨城汽车服务部（原芳村君子）,广州市芳村大道西加油站侧
广东,广州,广州市越秀区创友汽配店（路友）,广州越秀区（恒福路）横枝岗路9号
广东,广州,广州市世佳汽车轮胎店,广州市海珠区聚德西路1号11-12档
广东,广州,广州市白云区美博士汽车美容中心,广州市白云区永平街同泰路自编228-248号
广东,汕头,汕头龙湖顺达轮胎贸易部,汕头市龙湖区凤凰山路东侧
广东,湛江,湛江安通,湛江市霞山区建设路12号（即兴隆村蔬菜市场对面）
广东,茂名,茂名信宜市盈锋汽车用品店,茂名信宜迎宾大道绍秀体育馆对面景宾馆旁
广东,广州,广州市番禺区大石永英汽车轮胎服务部,番禺大石镇礼村村口供电所对面
广东,广州,广州市星纬商贸有限公司,海珠区南石西路12号金威龙分公司B1仓（31号车总站）
广东,广州,花都明杰汽车轮胎美容服务部,广州市花都狮岭镇金狮大道28号工商银行侧
广东,广州,祥旭汽车服务部,黄埔区石化路东红山北康达楼大厦首层1-3号
广东,深圳,深圳市益林（轮胎）贸易有限公司,深圳市罗湖区宝岗路与梨花路交汇处首层
广东,深圳,深圳宝安金太阳轮胎店,深圳市宝安区西乡前进二路与1庄边路交汇处
广东,深圳,深圳福振兴,深圳市光明新区公明办事处北环路2号光明物流中心
广东,深圳,深圳顺隆轮胎销售服务中心,"深圳市宝安区龙华镇建设路龙泉花园C15,C16"
广东,惠州,惠阳淡水惠华轮胎店,惠州市惠阳区淡水镇白云5路97号
广东,揭阳,揭阳市外轮供应公司,汕头市龙湖区火车北站龙鹏货场办公楼二楼
广东,深圳,深圳市南山区桂庙联兴轮胎电池,南山区学府路东段桂庙新村综合楼4-10号
广东,惠州,惠州福清轮胎总汇,
广东,兴宁,兴宁市赖正轮胎行,
广东,广州,广州市天平荣兴轮胎贸易部,
广东,湛江,湛江市精广智汽车轮胎经营部,
广东,河源,河源市永强轮胎精品总汇,
广东,惠州,惠州文记轮胎总汇,
广东,佛山,佛山市南海领跑汽车美容护理服务部,
广东,江门,江门市新会区会城富力达汽车用品商行,
广东,惠州,瑞风汽车美容店,龙门县迎滨路红绿灯旁
广东,惠州,横滨轮胎销售中心,龙门县沿江路林业局综合办公楼首层
广东,惠州,伟龙轮胎店,龙门县塔新路糖烟酒店旁
广东,惠州,大明汽车维修中心,龙门县塔新桥上桥处
广东,韶关,韶关新万德轮胎服务部,
广东,汕头,汕头益民销售部,
广东,惠州,惠州市彪远汽车维修服务中心,
广东,江门,开平市飞扬轮胎店,
广东,深圳,深圳市金地兴隆轮胎-龙华店,
广东,佛山,佛山市南海领跑汽车美容护理服务部,
广东,广州,广州市天河区天平荣兴轮胎贸易部,
广东,清远,清远市美捷汽车服务有限公司,
广东,湛江,湛江市赤坎区精广智汽车轮胎经营部,
广东,深圳,深圳市福田区湘之盛汽车轮胎行,
广东,深圳,运通汽配精品贸易部,
广东,深圳,深圳市福田区华发轮胎店,
广东,深圳,广盛汽车美容俱乐部,
广东,江门,恩平市永顺轮胎经销部,
广东,深圳,深圳市车益林轮胎行,
广东,深圳,惠州市润盛轮胎行,
广东,深圳,肇庆驰道轮胎店,
广东,珠海,珠海市香洲运财贸易行,
广东,深圳,深圳市宝安区沙井长发轮胎店,
广东,开平,开平市信海轮胎经营部,
广东,深圳,深圳恒昌汽车维修养护行,
广东,深圳,深圳市罗湖区合升汽配商行（龙岗鑫顺兴分店）,
广东,深圳,深圳市罗湖区兆兴汽车配件店,
广东,东莞,东莞市虎门创记轮胎店,
广东,东莞,东莞谢岗赣龙轮胎店,
广东,东莞,东莞樟木头信和轮胎店,
广东,广州,广州市白云同和千里马轮胎经营部（兴发）,
广东,广州,花都平记轮胎经销部,
广东,广州,花都韶关佬轮胎店,
广东,东莞,东莞信兴韩泰轮胎专卖店,
广东,广州,广州市白云区同和焕发轮胎店,
广东,广州,广州市从化太平新兴汽配经营部,
广东,广州,广州市海珠区金喜龙汽车配件经营部,
广东,广州,广州市荔湾区福轮汽车配件经营部,
湖南,长沙,长沙车之翼丽臣店,雨花区车站路222号
湖南,长沙,长沙市八一桥轮胎店,长沙市八一路
湖南,长沙,望城干军轮胎店,湖南省长沙市望城县莲湖路
湖南,长沙,超越汽车服务中心,望城县
湖南,长沙,文丰轮胎服务中心,湖南省长沙市宁乡县
湖南,益阳,进口汽车修理厂,
湖南,益阳,思辉轮胎店,长塘镇
湖南,益阳,鲁文明,益阳市十洲路
湖南,益阳,华一,桃江县金盆北路
湖南,益阳,徐雄前,益阳市桥北
湖南,岳阳,曾勤辉,岳阳市新路口
湖南,常德,韩建宁,常德
湖南,常德,吴孝祥,常德市石门县
湖南,常德,罗荣,常德 汉寿
湖南,常德,周运龙,常德汉寿
湖南,长沙,株州市保车夫汽车服务中心,株洲
湖南,株洲,醴陵市天安轮胎店,湖南省醴陵市城东加油站对面
湖南,株洲,腾飞轮胎经营部,湘潭
湖南,长沙,湘潭市九华轮胎总汇,湘潭市
湖南,湘潭,得远轮胎店,湖南省湘潭市湘潭县易俗河
湖南,郴州,嘉禾农机公司轮胎部,嘉禾县
湖南,郴州,郴州市易捷轮胎,郴州市伍岭大道
湖南,郴州,黄国忠,郴州
湖南,郴州,交通轮胎总汇,郴洲汝城县
湖南,衡阳,衡阳市飞龙轮胎店,湖南省衡阳市华新开发区
湖南,衡阳,宏福名车高级维护中心,衡阳衡山县
湖南,衡阳,俊发汽修,衡阳市区
湖南,衡阳,平兴轮胎,祁东县
湖南,衡阳,顺达（樊志军）,衡阳衡东
湖南,怀化,麻阳县荣利轮胎店,麻阳县
湖南,怀化,爱车有道,沅陵县宾江
湖南,吉首,吉首市区,吉首市沙子坳
湖南,吉首,张显好,吉首
湖南,湘西,张建(湘西专线),永顺县
湖南,娄底,李晚才（万发）,娄底市
湖南,娄底,宏兴轮胎经营部,娄底冷水江
湖南,永州,永州市冷水滩区蔡记轮胎行,湖南省永州冷水滩河东沿江路142号
湖南,永州,蔡记芝山分店,永洲芝山
湖南,永州,江华普利司通,江华
湖南,永州,谢元军,祁阳
湖南,长沙,三湘轮胎服务中心,
湖南,长沙,汇鑫轮胎总汇,
湖南,长沙,长沙永利轮胎店,
湖南,长沙,西郡汽车服务广场,湖南省长沙市岳麓路
湖南,长沙,干军轮胎店,
湖南,长沙,玲珑轮胎店 ,
湖南,益阳,胡球保,
湖南,岳阳,张铁峰,
湖南,株洲,岳辉轮胎维修中心,湖南省株洲县绿口镇
湖南,湘潭,金星,
湖南,娄底,涟源轮胎店,
湖南,娄底,骏驰轮胎店,
湖南,邵阳,机械化补胎中心,
湖南,邵阳,邹富强,
湖南,张家界,桑植县大众轮胎超市,湖南省张家界桑植县
湖南,邵阳,隆回县玉光轮胎超市,湖南省邵阳市隆回县汽车总站对面
湖南,浏阳,浏阳市湘高轮胎行,
湖南,益阳,益阳四通汽车维修服务有限公司,
湖南,益阳,益阳普利司通,
湖南,益阳,益阳通发汽车服务,
湖南,汨罗,汩罗车博士轮胎店,湖南省汩罗市城西加油站
湖南,衡阳,鹏发轮胎店,湖南省衡阳市珠晖区
湖南,长宁,小王轮胎店,湖南省常宁市
湖南,冷水江,冷水江市布(氵七）补胎店,湖南省冷水江市
湖南,湘潭,湘潭市闵发轮胎经销处,湖南省湘潭市宝庆路砂子岭
湖南,永州,顺利轮胎馆,湖南省宁远县博爱医院对面
湖南,高家庄,高家庄汽车养护中心,湖南省娄底地区新化县
湖南,涟源,扬名轮胎服务中心,湖南省涟源市光蓝路
湖南,岳阳,腾飞车务行,
湖南,长沙,爱车汽车服务中心（王建军）,
湖南,长沙,振兴轮胎经营部（龚建平）,
湖南,怀化,怀化宏丞汽车护理有中心（陈龙贵）,
湖南,怀化,新进轮胎店（何海雄）,
湖南,怀化,杨万里,
湖南,怀化,赵鹏,
湖南,湘西,诚信轮胎店（向前）,
湖南,娄底,朝辉轮胎经营部,湖南省娄底市月塘社区
湖南,娄底,固铂轮胎（肖月英）,
湖南,娄底,新化县何老六轮胎店,湖南省娄底市新化县
湖南,娄底,冷水江金利达（段林云）,
湖南,娄底,永宏轮胎经营部（姜交东）,
湖南,邵阳,佳德轮胎店(吕德旺）,
湖南,邵阳,新邵县宏泰汽车美容中心（杨顺生）,
湖南,邵阳,中华轮胎（刘中华),
湖南,长沙,蒋光辉,
湖南,湘潭,湘潭市超美轮胎服务中心,湖南省湘潭市宝塔中路
湖南,湘潭,湘乡市新湘军轮胎店,湖南省湘乡市壕塘路
湖南,湘潭,喻老板,
湖南,益阳,王远术,
湖南,益阳,张少青,
湖南,永州,环宇轮胎超市,
湖南,岳阳,黄记轮胎店,
湖南,岳阳,廖记轮胎店,
湖南,岳阳,三友车行,
湖南,张家界,慈利县富辉化工有限责任公司,
湖南,张家界,谢科峰,
湖南,株洲,信得过轮胎,湖南省株洲市茶陵县城
湖南,株洲,胡雄辉,
湖南,株洲,蓬昌贸易有限公司,
湖南,株洲,易湘良,
湖南,长沙,城南汽车服务中心（文波）,
湖南,长沙,雨花区恒亮轮胎经营部,
湖南,长沙,中天轮胎经营部,
湖南,衡阳,黄建伟（衡山）,
湖南,娄底,张鑫泉,
湖南,邵阳,强胜轮胎经营部,
湖南,长沙,沿溪镇车爵仕,
湖南,湘潭,陈庆明,
湖南,长沙,锦云轮胎服务中心,
湖南,长沙,久发轮胎有限公司,
湖南,郴州,王峰,
湖南,邵阳,洞口县远正汽车服务中心,
湖南,湘西,玛吉斯轮胎店,
湖南,湘西,曾悦,
湖南,怀化,华洋轮胎公司,
湖南,娄底,黎博（新天物流）,
湖南,娄底,邓庭,
湖南,娄底,轮胎销售中心,
湖南,娄底,双牌五里轮胎店,
湖南,长沙,宁乡轮胎店,湖南省宁乡县
湖南,长沙,新一佳轮胎店,
湖南,长沙,世衡轮胎中南专卖,
湖南,株洲,炎陵县霞阳镇普利司通轮胎特约经营店,湖南省炎陵县长江路
湖南,长沙,高桥轮胎店,
湖南,常德,申象明,
湖南,郴州,陈国育,
湖南,衡阳,刘韬,
湖南,娄底,王奇志,
湖南,邵阳,刘师傅轮胎服务中心,
湖南,长沙,长沙市车尚美汽车生活馆,
湖南,长沙,东方红汽车美容服务中心,湖南省雷锋镇
湖南,长沙,西郡汽车服务广场,
湖南,娄底,长安汽车全国连锁店,
湖南,长沙,许建辉,
湖南,益阳,益阳市惠丰汽车服务中心,
湖南,株洲,冬莲轮胎店,
湖南,郴州,宝马汽车生活馆,湖南省郴州市汝城县
湖南,永州,永州市永辉轮胎店,湖南省永州市芝山区津北路
湖南,衡阳,意再来汽车美容服务中心,湖南省衡东县泯江大道525号
湖南,长沙,邓记轮胎店,湖南省长沙市开福区
湖南,娄底,平价轮胎店,湖南省娄底市
湖南,长沙,青园起跑线轮胎店,湖南省长沙市天心区林大路
湖南,永州,麒麟轮胎店,湖南省永州市东安县南站加油站旁
江西,上饶,上饶玉山新视界,
江西,樟树,樟树市河南汽车空调音响美容装饰专营店,
江西,宜春,宜春市袁州区城北普利司通轮胎服务站,江西省宜春市月亮湾592号（新建医院斜对面）
江西,上饶,余干兄弟轮胎服务中心,江西省余千县水产批发市场167号
江西,上饶,余干车之港汽车养护美容中心,
江西,上饶,新余市美车饰汽车音响装饰中心,江西省新余市站前西路延伸段老乡村正对面
江西,九江,沙河耐克森轮胎店,江西省九江市沙河县高速路口
江西,九江,瑞昌市平安轮胎汽车美容服务中心,江西省九江市瑞昌市黄金北路2号
江西,乐平,乐平市飞翔轮胎经销部,
江西,九江,九江星子县雅度轮胎店,江西省九江市星子县南康镇坡头路10号
江西,宜春,高安市远中汽车贸易有限公司,江西省宜春高安市瑞阳大道小喻春（盐务局对面）
江西,新余,分宜县汽车保姆装饰美容中心,江西省分宜县铃景星城南门119号
江西,九江,德安和平汽车服务商行,江西省九江市德安县昌九高速德安出口左侧
江西,赣州,赣州信丰谢老板,
江西,赣州,赣州市百世通汽车配件贸易有限公司,
江西,九江,九江永修县晓毛轮胎行,
江西,南昌,南昌建云汽配轮胎商行,
江西,井冈山,张伟鑫,井冈山市茨坪
江西,宜春,李传庚,江西省宜春市万载县汽车服务广场19栋
江西,鹰潭,王学坚,江西省鹰潭市环城东路72-10号东湖地税对面
江西,上饶,虞尚挺,江西省上饶市上饶县阳光花园对面
江西,上饶,费文贵,江西省上饶市庆丰路262号
江西,丰城,博世修理站（谢丰安）,江西省丰城市新城市人和阳光城
江西,赣州,赣州瑞金钟瑞金,
江西,南昌,进贤小支轮胎店（支振东）,江西省南昌市进贤县进贤大道12号
江西,鹰潭,鹰潭市环东轮胎店,
江西,上饶,铅山县河口镇狮江路余文,江西省铅山县河口镇狮江路183号
江西,鹰潭,鹰潭市月湖区丽车坊,江西省鹰潭市龙湖大道52号
江西,吉安,吉安市泰和县车友汽车修理厂,江西省吉安市泰和县上圆盘信用社院内
江西,南昌,鲁冰,江西省南昌市红谷滩红岭花园三期34号
江西,抚州,王华斌,江西省抚州红石嘴减震器厂斜对面
江西,萍乡,张建中,江西省萍乡市中级人民法院正对面
江西,赣州,黄峰,江西省赣州市黄金开发区黄金村147号
江西,上饶,袁国辉,江西省上饶市弋阳县林星大道87号
福建,厦门,谢清来,杏林西路39号
福建,厦门,隆海汽车装璜美容中心,灌口镇大路墘供销加油站旁
福建,厦门,老主顾,同安环城路祥富佳园109-110
福建,厦门,厦门市阿发轮胎店,福建省厦门市体育路45-47号海峡汽配城3号楼14-15店面
福建,漳州,龙海市榜山海树洗车杂修店,福建省漳州市龙海榜山镇粮食局对面
福建,漳州,漳州市安特轮胎有限公司,漳州市芗城区胜利中路九龙大厦19号店面 
福建,漳州,东山县西埔镇鑫汇轮胎店,漳浦县龙湖路锦绣西湖A栋
福建,漳州,张钦明,漳州东山县西埔镇东埔街妙园路17号
福建,龙岩,黄文昌,龙岩 连城 董屋山庄4栋 101-102
福建,龙岩,詹学传,龙岩市新罗区法院旁
福建,龙岩,郭王彬,龙岩上杭北环路城东村右侧
福建,泉州,诚德轮胎行,泉州市丰泽区少林路158号
福建,泉州,聚美轮胎行,泉州市鲤城区城西路南九区60号店 
福建,泉州,南安市溪美南福轮胎店,南安市溪美南大路114-122号
福建,泉州,福威轮胎行,福建省泉州市石狮服装城共富路
福建,泉州,阿彬轮胎店,南靖县山城镇后河加油站边
福建,厦门,蓝天轮胎店,厦门湖里枋湖东路
福建,厦门,力创汽车配件商行,厦门湖里五缘湾
福建,厦门,恒群贸易公司,厦门东渡
福建,厦门,爱车堡工贸公司,厦门湖里水上乐园
福建,漳州,龙文区炜明轮胎店,福建省漳州市龙文区朝阳镇浦口村中石化正对面
福建,漳州,龙文区德安汽车修理厂,福建省漳州市龙文区石仓村6号路边
福建,泉州,陈志刚,泉州市
福建,泉州,文楚补胎店,福建省泉州市浮桥兴贤路成功医院对面
福建,泉州,吕荣体,福建省泉州市南安市诗山镇荣明车
福建,泉州,顺发轮胎店,福建省泉州市晋江市平北路赤西段（赤西桥头）
福建,泉州,南安市驰安轮胎商行,福建省泉州市南安市南洪路东坑村
福建,厦门,厦门市思明区华轮汽配商行,福建省厦门市思明区东浦一里23号之四
福建,厦门,小杨轮胎行,福建省厦门市翔安马巷
福建,厦门,鑫忠坊汽车美容店,福建省厦门市同安314国道大同街道车宅里18号
福建,泉州,晋江市磁灶镇盈盛轮胎店,福建省泉州市晋江市磁灶镇下官路中行对面
福建,泉州,安溪县凤城良利汽车修配站,福建省泉州市安溪县城
福建,泉州,泉州市丰泽区盛辉汽车美容服务中心,福建省泉州市同安路前坡物资宿舍店面
福建,泉州,陈钢轮胎行,福建省泉州市黄塘工业区
福建,泉州,惠安县螺阳元良轮胎火补店,福建省泉州市惠安县下星中国电信对面
福建,福州,福州台江兄弟轮胎店,福建省福州台江区群众路162号
福建,福州,连江县凤城镇车之轮汽车轮胎行,福建省福州连江区凤城镇104国道西侧
福建,福州,谢辉补胎店,福州仓山区建新镇牛道村10号
福建,福州,闽候上街陈新洗车店,福建福州市闽候县上街镇闽候大庄园
福建,福州,长乐市金峰国利补胎店,福建省福州市长乐金峰镇第三公路胪兴大厦沿街店面
福建,福州,福清市音西风火轮快修店,福清市水南下梧村（农贸市场对面
福建,福州,福州晋安区国松轮胎修理店,福州市晋安区胜明花园1号04B店面
福建,福州,福州市仓山区小饶汽车轮胎店,福建省福州市仓山区金山街道上雁路22号金山碧水三期秋爽苑10号3-5号店面
福建,福州,福州市鼓楼区泽康汽车配件经营部,福州市鼓楼区梅亭路大儒世家C地块8号楼一层店面
福建,福州,福州市台江区宋闽补胎店,台江区上浦路闽江大学旁
福建,福州,闽清至尊汽车会所,闽清县南山路91-92号
福建,福州,长乐市福航贸易有限公司,长乐市航城镇西洋南路550号
福建,南平,武夷山市寇氏汽车装潢轮胎商行,新丰街道办楼下
福建,南平,建瓯市和盛轮胎服务中心,建瓯市阳光假日城4#107店面（阳光水岸斜对面）
福建,宁德,福安市赛岐福荣汽车轮胎经营部,福建省宁德市赛歧镇赛江花园70栋3-6号
福建,宁德,柘荣县吴林春汽车服务中心,宁德市柘荣县国道西路615号
福建,宁德,霞浦县佳盟汽车服务中心,福建省宁德市霞浦松港街道福宁大道45号
福建,宁德,寿宁县鳌阳少辉轮胎店,福建宁德市寿宁县环城路53号
福建,三明,宁化县城关爱车族汽车服务中心,宁化中环路城东广场二期C3号店
福建,三明,肖勇汽车美容护理中心,清流县长兴北街28号
福建,福州,福州市晋安区车友汇轮胎店,福州市晋安区鼓山镇福光南路303号世纪金辉52#楼05店面
福建,福州,福清市音西风火轮快修店,福清市水南下梧村（农贸市场对面
福建,福州,胎弟汽车补胎店,鼓楼区洪山桥头中国石化对面
福建,福州,福州市鼓楼区靓车坊汽车美容服务部,福建省福州市鼓楼区六一路
福建,三明,将乐县鸣鸣轮胎店,福建省三明市将乐县
福建,建阳,建阳市鑫顺捷汽车装璜美容,
海南,海口,昌江县吉昌汽车修理厂,昌江县石碌镇生态街桥
海南,海口,海口永信兴养护快修服务中心,海口市华海路19号
海南,海口,那大立新,
海南,海口,东之峰,龙昆南坡博路市工商局斜对面
海南,海口,诚得,华海路
海南,海口,金江安利车友,
海南,海口,三亚泰发,三亚月川泰发大楼(原金杯大楼)
海南,海口,鑫捷力汽车养护维修中心,美兰区辰兴南路15号(美兰地税局旁)
海南,海口,国兴,"国兴大道沙亮村落号辅面(南海广场,省公安厅右侧路口)"
海南,海口,海口琼山铧顺汽车服务中心,海口市琼州大道82号
海南,海口,环宇汽修,海甸岛和平大道61号
海南,海口,鑫国达,'国兴美苑路上贤村（香园对面）
海南,海口,亚文轮胎店,府城中山南路府城中学铺面
海南,海口,海城汽修,老机场内A12区昌导检测中心西侧一号
海南,海口,临高优丽,
海南,海口,琼海博海,
海南,海口,文昌中星,
海南,海口,屯昌德润,
海南,海口,琼中车博士,
海南,海口,东方辉煌,
海南,海口,海甸车友坊,
海南,海口,粤兴,
海南,海口,玉河,
海南,海口,海禾,
海南,海口,金龙,
海南,海口,我爱我车,
海南,海口,利发,
海南,海口,信佳,
海南,海口,府城万达,
海南,海口,佐泰,
海南,海口,新时代,
海南,海口,万宁金达,
海南,海口,海口美兰车巢汽车服务中心,海口海甸海达路北端与五东路六汇处
海南,海口,海口龙华昌顺兴轮胎店,海口市椰海大道丁村路口
海南,屯昌,屯昌德润汽车用品有限公司,海南屯昌县昌盛一路150号
海南,琼中,琼中黄媚汽车修配店,海南省琼中县新区五指山保护区铺面
海南,海口,金江安利车友汽车服务中心,澄迈县金江镇金永路
海南,海口,海口龙华豪苑铧顺汽车服务中心,海口南海大道豪苑路坡巷村256号
海南,海口,海口龙华宇龙汽车服务部,海南省海口市玉河路
海南,海口,海口龙华仕兴达汽车美容中心,海南省海口市金地路省地矿医院对面
海南,海口,海口爱车壹族汽车养护服务有限公司,海南省海口市琼山区红城湖路105号
安徽,合肥,零散销售,
安徽,合肥,王师傅轮胎总汇,安徽省巢户市沿河路晚报社东300米
安徽,合肥,刘海龙,合肥市大兴集
安徽,合肥,车百家,合肥市东二环路与北二环路交口北500米
安徽,合肥,合肥市创新汽车装饰美容,合肥市郎溪路与新安江路交口西200米
安徽,合肥,合肥路路轮胎经营部,合肥市东二路与临泉路交口
安徽,合肥,合肥瑞元工贸,合肥市双七路巴黎春天旁
安徽,合肥,合肥万达四轮定位,合肥市高河路
安徽,合肥,黄涛,淮北
安徽,合肥,合肥高翔轮胎服务,合肥市当涂路与梁圆路交口东200米
安徽,合肥,合肥市包河区途安汽车轮胎商行,安徽省合肥市和平路
安徽,合肥,合肥世联汽车服务商行,安徽省合肥市陈村路与贵池路交口
安徽,合肥,永诚轮胎服务部,安徽省合肥市北一环路新蚌埠交口西
安徽,合肥,舒城县正新轮胎店,安徽省舒城县过境公路
安徽,合肥,当涂县继峰轮胎销售服务部,安徽省当涂县振兴北路县政府旁
安徽,合肥,合肥市包河区鸿燕汽车用品经营部,安徽省合肥市皖江路
浙江,兰溪,兰溪市海良轮胎经营部,
浙江,衢州,衢州市柯城杰奔汽车轮胎商行,
浙江,东阳,东阳市白云永干汽车轮胎修理店,
浙江,东阳,东阳市横店三和轮胎商行,
浙江,东阳,东阳吴宁汽车装潢轮胎服务中心,
浙江,金华,金华市顺通轮胎,
浙江,金华,金华市超通轮胎商行,
浙江,金华,金华汽配,
浙江,台州,零散销售,
浙江,台州,王智君,台州市椒江区云西路
浙江,台州,龚世明,台州路桥峰江镇
浙江,台州,翁丹冰,台州玉环县新车站
浙江,台州,丁辉标,台州温岭市三岙大道
浙江,台州,戴斌辉,台州市温岭市大溪镇
浙江,台州,陈礼强,台州市临海客运中心东侧
浙江,台州,王海兵,台州市温岭市松门镇
浙江,台州,李康剑,台州市三门县光明中路
浙江,台州,翁卫勇,台州市临海市杜桥镇
浙江,台州,郑鹏,台州市黄岩
浙江,台州,李勇,
浙江,台州,小波汽车生活馆,台州市黄岩区基督教堂前
浙江,台州,阿火汽车美容,浙江省台州市临海市白水洋镇
浙江,台州,黄岩市下加油站轮胎专门店,台州市黄岩区市下镇市下加油站内
浙江,杭州,杭州海阳,
浙江,杭州,海宁市德普轮胎有限公司,浙江省海宁市海州东路464号
浙江,杭州,平湖百韵轮胎（屠海平）,嘉兴平湖
浙江,杭州,杨岳峰,嘉兴桐乡
浙江,杭州,嘉兴全事达（ 柳亚民）,嘉兴市区
浙江,杭州,海盐嘉诚（杨培华）,嘉兴海盐
浙江,杭州,德清超凡轮胎有限公司,浙江省德清县武康104国道大转盘旁
浙江,杭州,海宁市斜桥镇宇超汽车装璜部,浙江省海宁市斜桥镇新硖斜线红绿灯北100米
浙江,杭州,老蔡（蔡治秋）,湖州江南车城
浙江,杭州,绍兴县柯桥小王轮胎修理店,浙江省绍兴县柯桥湖东路130号
浙江,杭州,嵊州费江轮胎修理部,浙江省嵊州县城区
浙江,杭州,顺达（田建中）,绍兴上虞市
浙江,杭州,杭州吉吉（陈永华）,杭州市区
浙江,杭州,陆勇,湖州长兴
浙江,杭州,安吉递铺万捷轮胎商行,浙江省安吉县天荒坪北路168号
浙江,杭州,长兴明莉玛吉斯轮胎服务部,浙江省长兴县轻纺城12幢56号
浙江,杭州,绍兴市金轩轮胎销售有限公司,浙江省绍兴市马臻路
浙江,杭州,章伟光,绍兴上虞市
浙江,杭州,郭一忠,
浙江,杭州,杭州市西湖区三禾轮胎商行,浙江省杭州市城西汽配市场
浙江,杭州,杭州市西湖区马强汽车轮胎修配车行,浙江省杭州市西溪路413号
浙江,杭州,陈士富,
浙江,杭州,杭州萧山城厢陈利轮胎店,浙江省萧山市道源路258号
浙江,杭州,杭州市萧山新塘林华轮胎店,
浙江,杭州,陈雪炎,
浙江,杭州,富阳市风行天下汽车轮胎经营部,浙江省富阳市体育场路267号
浙江,杭州,童国英,
浙江,杭州,安驰,
浙江,杭州,孙永刚,
浙江,杭州,汪蔚峰,
浙江,杭州,海盐县百世德汽车服务中心,浙江省海盐县海丰路102号
浙江,杭州,安吉递铺万捷轮胎商行,
浙江,杭州,诸暨市永新轮胎维修部,浙江省诸暨市艮塔西路63号
浙江,杭州,杭州三星轮胎销售有限公司文源公司,浙江省杭州市
浙江,杭州,富阳市富春街道城关轮胎店,浙江省富阳市富春街道城关
浙江,建德,建德市新安江向阳微型车辆维修部,浙江省建德市新安江桥南铁路宿舍一楼
四川,泸州,泸州刘氏汽车服务有限公司,
四川,眉山,眉山张华,
四川,成都,双流宋明,
四川,成都,新津王彬,
四川,雅安,雅安.付章明,
四川,成都,成都蓉鑫园汽车美容装饰周斌,
四川,成都,成都王全生,
四川,广元,广元格莱美酷车修养中心李彬,
四川,广元,青川车行天下汽车服务中心,
四川,成都,显虹轮胎服务中心,
四川,泸州,泸州纳溪区黄氏轮胎经营部,四川省泸州市纳溪区紫阳大道
四川,德阳,德阳林勇,
四川,绵阳,绵阳唐兵,
四川,凉山,西昌语田轮胎经营部,西昌市三岔路口
四川,凉山,西昌开创汽车销售服务中心,
四川,遂宁,遂宁大众贸易有限公司,
四川,成都,成都奇骏车队,
四川,达州,达州丰制轮胎经营部,达州市
四川,达州,大竹贺健,
四川,达州,四川万盛轮胎行,四川省万源市河街北路55-1号
四川,凉山,西昌东盛轮胎服务中心,
四川,南充,南充顺安轮胎服务中心,
四川,眉山,快美洁汽车美容中心,仁寿平安大道349号
四川,乐山,乐山乐通商贸有限公司,
四川,成都,邛崃市恒兴轮胎专业服务中心,邛崃市蜚虹路中段82号
四川,成都,成都韩泰轮胎经营部,
四川,泸州,叙永万吉汽车服务有限公司,
四川,宜宾,宜宾兴文县红桥镇,
四川,宜宾,宜宾,
四川,资阳,资阳李永学,
四川,成都,武侯区卓越汽车轮胎装饰用品中心,成都市武侯区太平盛世小区
四川,内江,内江市东兴区宁川汽车服务中心,四川省内江市旱桥
四川,宜宾,宜宾车立方汽车服务有限公司,四川省宜宾市上码头
四川,成都,温江劲东石化服务部,四川省温江县球城路
四川,内江,资中韩泰轮胎经营部,
四川,成都,曙光轮胎服务中心,
四川,巴中,通江县路路通轮胎经营部,通江县洛江镇壁山西路64号
四川,成都,新都科红轮胎服务部,新都
四川,成都,都江堰金路驰,
四川,成都,新都东州轮胎销售部,
四川,德阳,绵竹天合,
四川,南充,营山县蒲氏轮胎服务中心,
四川,绵阳,绵阳车立方汽车服务中心,
四川,自贡,自贡,
四川,成都,成都市武侯区中海轮胎经营部,
四川,成都,大邑仕伟轮胎服务部,大邑县邑新大道39号
四川,成都,成都米其林轮胎,
四川,成都,成都,
四川,巴中,巴中,
四川,内江,隆昌,
四川,成都,蒲江县建利汽车服务中心,
四川,成都,崇州市昌盛轮胎服务中心,
四川,攀枝花,攀枝花胥擎,攀支花
四川,成都,成都信和轮胎经营部,
四川,成都,广福徐斌,
四川,成都,成都交通汽配城,
四川,德阳,广汉金利,
四川,绵阳,江油明强轮胎服务部,
四川,德阳,德阳志诚轮胎服务中心,
四川,宜宾,宜宾长宁县周爽,
四川,宜宾,宜宾市翠屏区速美汽车维修服务部,四川省宜宾市西郊好吃街
四川,自贡,自贡田黎黎,
四川,雅安,雅安市雨城区鑫永昇汽配销售部,
四川,南充,南部县凯儿汽车装饰经营部,
四川,南充,成都兴玉鑫汽修部,
四川,成都,成都市精诚轮胎服务中心,
四川,成都,成都市高新区车之翼汽车服务中心,四川省成都市高新区红新路南延线
四川,巴中,巴中市裕鑫汽车美容服务部,
四川,成都,卡派尔汽车美容服务中心,
四川,成都,彭州杨庆,
四川,甘孜,红原县白河街汽车修理组,四川省红原县白河镇
四川,德阳,罗文智,
四川,资阳,简阳陈贤金,
四川,自贡,自贡车立方汽车用品有限公司,
四川,成都,天耀轮胎,
四川,成都,武侯大道刘云,
四川,成都,嘉车坊,
四川,江油,江油现代汽车修理厂,四川省绵阳市江油市新车站对面
四川,乐山,乐山车立方轮胎经营部,四川省乐山市白燕路
四川,泸县,曾垂东,
四川,绵阳,赵勇,
四川,绵竹,卿启才,
四川,米易,米易县轮胎大世界,四川省攀枝花市米易县米已大道
四川,威远,威远刘氏轮胎经营部,四川省内江市威远县中心站旁边
四川,盐源,盐源县品牌轮胎服务中心,四川省西昌市盐源县润盐大道
四川,绵阳,绵阳周记轮胎经营部,四川省绵阳市永兴场口
四川,绵竹,绵竹西南镇英雄轮胎经营部,四川省绵竹市剑南春酒厂对面
四川,自贡,富顺邱氏轮胎经营部,四川省自贡市富顺县大转盘
四川,成都,成都雅泛迪轮圈专卖店,
四川,什邡,什邡市风行汽车用品经营部,
四川,绵阳,绵阳城区新怡汽车美容店,
四川,资阳,安岳共得利轮胎经营部,
新疆,乌鲁木齐,乌鲁木齐市开发区鑫飞驰轮胎商行,新疆乌鲁木齐市开发区喀什东路141号
新疆,乌鲁木齐,乌鲁木齐市开发区太原路车翼之家轮胎店,新疆乌鲁木齐市太原路026号
新疆,乌鲁木齐,乌鲁木齐市志诚轮胎总汇,新疆乌鲁木齐市苏州路立交桥222号
新疆,乌鲁木齐,乌鲁木齐市天山区米其林轮胎店,乌鲁木齐市天山区碱泉二街58号
新疆,乌鲁木齐,乌鲁木齐市嘉车友轮胎商行,乌鲁木齐市红山路289号
新疆,乌鲁木齐,乌鲁木齐市鑫汇通汽车用品轮调服务中心,乌鲁木齐市水磨沟区新民东街53-2-17
新疆,伊犁,伊犁广达商贸有限责任公司,伊宁市斯大林街六巷口118号
新疆,伊犁,伊宁市芬胜达商贸有限公司,新疆伊宁市新滨河路怡安家院2-8号
新疆,昌吉,锦湖轮胎昌吉服务中心,昌吉市商城路移动公司斜对面
新疆,阿克苏,阿克苏南巷轮胎店,阿克苏市文化路158号
新疆,克拉玛依,克拉玛依市诚信达轮胎总汇,新疆克拉玛依市友谊路103号韩泰轮胎销售部
新疆,巴音郭楞,库尔勒振翔轮胎商行,库尔勒市天山西路北站文汇学校向东20米
新疆,哈密,哈密龟博士进口汽车维护中心,哈密市新民六路名流火锅斜对面
新疆,塔城,塔城市鑫顺通轮胎维修总线,新疆塔城市环城路太丰汽车轮胎店
新疆,石河子,石河子万轮汽车修理部,石河子市东一路268号
新疆,吐鲁番,吐鲁番飞腾商贸有限公司,吐鲁番市西环路昌盛驾校旁
新疆,阿勒泰,阿勒泰市盛达四轮定位店,阿勒泰市团结市场旁
新疆,博尔塔拉,博乐市路驰轮胎店,博乐市团结路252号
新疆,喀什,喀什全达商贸有限责任公司,新疆喀什艾尔兰南路265号
新疆,博尔塔拉,沙湾九州轮胎城,新疆伊犁州塔城沙湾县乌伊路40号
新疆,昌吉,吉木萨尔县奋天汽车配件经营部,新疆吉木萨尔县南门
新疆,昌吉,奇台县天福小车轮胎经销部,新疆昌吉市奇台县天福小区2-6号
新疆,巴音郭楞,轮台县广通商贸有限公司,新疆库尔勒市轮台县314国道
新疆,石河子,石河子鑫瑞通轮胎商行 ,新疆石河子市东一路31号
新疆,石河子,石河子市亿友汽车配件商行,新疆石河子市老街24号
新疆,阿勒泰,布尔津迅捷轮胎修理部,布尔津神湖路西大桥加油站对面
新疆,奎屯,奎屯万华汽车轮胎销售服务部,奎屯市塔城街61号
新疆,塔城,额敏县百信汽车轮胎服务中心,新疆塔城额敏县农九师新一路129号
新疆,伊犁,尼勒克县玺科轮胎商行,新疆伊犁尼勒克县南路106号
新疆,伊犁,巩留县胖子轮胎销售服务中心,新疆伊犁州巩留县一中后门右侧30米处
新疆,霍城,霍城县安有轮胎超市,
新疆,阿勒泰,福海县平安轮胎修理部,新疆阿勒泰市福海县阿福公路144号
新疆,乌鲁木齐,乌鲁木齐市鑫凯盟汽车用品店,新疆乌鲁木齐市喀什东路150号
新疆,塔城,塔城市车仆汽车装璜,新疆塔城市机械厂院内
新疆,乌苏,乌苏小冯轮胎商行,新疆乌苏市电力公司大门旁
新疆,乌苏,乌苏市刘阳,
新疆,乌鲁木齐,乌鲁木齐市刘世杰,
新疆,乌鲁木齐,乌鲁木齐市熊伟,
新疆,乌鲁木齐,乌鲁木齐市王双升,
新疆,乌鲁木齐,乌鲁木齐市许永生,
新疆,阿勒泰,北屯飞德勤轮胎服务中心,新疆阿勒泰北屯大桥旁
新疆,昌吉,呼图壁县智祥轮胎商行,新疆昌吉市呼图壁县乌伊路9号
新疆,伊宁,霍城县安友轮胎超市,新疆伊宁市霍城县朝阳南路黎明修理厂旁
新疆,博乐,精河史氏轮胎商行,新疆博乐市精河县乌伊西路28号
新疆,塔城,沙湾县正新轮胎店,新疆塔城市沙湾县乌伊东路14号
新疆,伊宁,伊宁市爱车族轮胎店,新疆伊宁市外环路加油站旁
新疆,伊宁,特克斯云轩轮胎修理部,新疆伊宁市特克斯县交警队旁
新疆,伊犁,昭苏轮胎大世界,新疆伊犁州昭苏县团结北路59号
新疆,伊犁,新源县苏源轮胎服务中心,新疆伊犁州新源县则新路882号
新疆,玛纳斯,玛纳斯县固特异轮胎服务中心,新疆昌吉玛纳斯县312国道电视台旁
新疆,塔城,裕民庄园轮胎店,新疆塔城裕民县大修厂院内
新疆,克拉玛依,独山子轮胎大世界,新疆克拉玛依市独山子区韶山路
新疆,伊犁,察县万车瞩目轮胎销售中心,新疆伊犁州察县锡铂中路257号
新疆,昌吉,木垒县金林养护中心,新疆昌吉州木垒县环城西路98号
新疆,塔城,托里县兄盟轮胎经销部,新疆塔城托里县老风口路18号
新疆,伊宁,霍城县广顺汽车服务部,新疆伊宁霍城县新华路25号
新疆,昌吉,木垒县轮胎大全,新疆昌吉州木垒县老国道225号
新疆,克拉玛依,白碱滩征益汽车修理部,新疆克拉玛依市白碱滩216国道157号
新疆,阿克苏,库车县广通商贸有限公司,新疆阿克苏市库车县阿瓦提路152号
新疆,克孜勒苏,阿合奇谢兴轮胎修理部,新疆克孜勒苏阿合奇县中华路粮食局旁
新疆,库尔勒,库尔勒建新商贸有限责任公司,新疆库尔勒市圣果西路58号
新疆,吐鲁番,托克逊老沈轮胎销售中心,新疆吐鲁番托克逊县地质大队隔壁
新疆,哈密,哈密市老刘轮胎修理店,新疆哈密市八一东路158号
新疆,昌吉,木垒建勤汽车修理厂,新疆昌吉州木垒县团结路20号
新疆,米泉,米泉倍得福商贸公司,新疆米泉碱一沟西路57号
新疆,阿勒泰,哈巴河杨波轮胎店,新疆阿勒泰市哈巴河县中环路57号
新疆,阿勒泰,福海县雷博士机油中心,新疆阿勒泰福海县福河公司交管站旁
新疆,阿克苏,拜城县颜平汽车装璜店,新疆阿克苏市拜城县温泉路艺园小区1-8号
广西,南宁,零散销售,
云南,昆明,昆明市五华区胖子轮胎经营部,云南省昆明市昆沙路
云南,昆明,元阳县南沙老七汽车修理厂,云南省昆明市元阳县南沙人民路
云南,昆明,昆明市永宏汽车轮胎经营部,云南省昆明市宝海公园旁
云南,昆明,昆明永佳轮胎经营部,云南省昆明市北市区江东丽景园
云南,红河,弥勒美壳润滑油经营部,云南省红河州弥勒县弥阳镇二环西路
山西,太原,太原市福兴达轮胎服务中心,狄村北街6512号
山西,太原,太原迎泽区新通达轮胎经销部,太原建设南路86号（耳鼻喉医院旁）
山西,太原,下元虎跃河米其林轮胎店,下元小井峪街29号三益俱乐部向西200米路北（56中学对面）
山西,太原,太原迎泽安达轮胎公司,太原南内环桥东（桥下）
山西,太原,下元西矿街米其林轮胎店,
山西,太原,稳正四轮定位工作室,大同路口43号固铂店
山西,太原,红星轮胎批发部,太原市二电厂丁字路口
山西,太原,宝利轮胎行,万柏林区和平北路玉河街瓦窑8号楼301（河坝堰）
山西,太原,太原宏凯飞达汽配,漪汾街
山西,太原,横滨轮胎店,五一路
山西,太原,太原市大德兴轮胎商行,康宁东街
山西,阳泉,于强,
山西,忻州,刘剑,
山西,大同,张国萍,大同市黄花街商务局门口（黄花浴圆旁）
山西,大同,大同矿务局轮胎行,
山西,大同,大同市,
山西,朔州,小王轮胎行,
山西,长治,紫坊泰舸汽贸汽配园米其林轮胎店,长治紫坊泰舸汽贸汽配园北区21号
山西,晋城,米其林轮胎店,紫金北街
山西,太原,太原东兴,小店区王村南街西口漳泽酒店斜对面
山西,太原,米其林轮胎店,平阳路长风街口路东金广快捷旁十米处
山西,河津市,原晓强,河津市区人民路
山西,太原,鑫美洁汽车美容会所,下元千峰北路西一号
山西,朔州,普利司通轮胎店,朔州市府西街
山西,运城,王国强,运城永济市
山西,大同,朝阳轮胎,大同天镇县
山西,太原,米其林轮胎店,嘉节村
山西,太原,普利司通轮胎店,太原市太榆路120号迎宾桥下
山西,太原,大正轮胎行,太原旧晋祠路长风街口南100米路西加油站旁
山西,晋城,王广轮胎润滑油销售,晋城端氏镇东门外
山西,太原,太原市源隆达轮胎行,晋祠路东甲一段（劳动市场对面）
山西,大同,郝春飞,大同北馨花园底商20号楼
山西,临汾,老葛,侯马
山西,大同,新新汽配销售中心,大同阳高
山西,朔州,朔州市王二轮胎行,朔州人口大楼往北200米
山西,太原,德国马牌店,平阳路499号殷家堡村路西
山西,太原,太原万运达轮胎服务中心,经园路龙腾盛世底商1002-1号（横滨店）
山西,朔州,董德春,山阴
山西,大同,杭四,天镇县
山西,太原,张彬,省地震局旁  
山西,太原,普利司通轮胎店,兴华街
浙江,宁波,零散销售,
浙江,宁波,宁波市鄞州古林多利轮胎销售服务部,浙江省宁波市鄞州古林何家桥头（甬金高速出口处）
浙江,宁波,宁波市鄞州姜山顺达汽车修理店,浙江省宁波市姜山镇顺达汽车修理
浙江,宁波,宁波市鄞州下应亚军汽车维修部,浙江省宁波市鄞州嵩江东路155号
浙江,宁波,宁波市鄞州古林丰华洗车场,浙江省宁波市鄞州区古林镇布政村
浙江,宁波,宁波江东众适轮胎商行,浙江省宁波市江东区顺德路298号
上海,上海,上海维多汽车修理有限公司,上海浦东高桥花山路1-5号